ParkingRequestName,ParkingRequestDateTime,Vehicle
PR-994052,09/02/2024 16:53,CDE 334P
PR-994053,09/02/2024 16:35,CDE 121K
PR-994054,09/02/2024 16:39,BCD 202B
PR-994055,09/02/2024 16:34,ABC 909S
PR-994056,09/02/2024 16:49,DEF 020T
PR-994057,09/02/2024 16:42,ABC 123X
PR-994058,09/02/2024 16:51,DEF 456Y
PR-994059,09/02/2024 16:54,EFG 303C
PR-994060,09/02/2024 16:56,WXY 112N
PR-994061,09/02/2024 16:34,EFG 555H
PR-994062,09/02/2024 16:53,WXY 909I
PR-994063,09/02/2024 08:58,UVW 787Q
PR-994064,09/03/2024 16:55,FGH 232L
PR-994065,09/02/2024 08:36,VWX 222E
PR-994066,09/02/2024 16:47,BCD 444G
PR-994067,09/03/2024 16:42,FGH 445Q
PR-994068,09/03/2024 16:39,GHI 789Z
PR-994069,09/03/2024 16:49,HIJ 666I
PR-994070,09/03/2024 16:46,HIJ 404D
PR-994071,09/03/2024 16:48,IJK 343M
PR-994072,09/03/2024 16:56,JKL 321A
PR-994073,09/03/2024 16:42,KLM 505E
PR-994074,09/03/2024 16:34,KLM 777J
PR-994075,09/03/2024 08:57,TUV 808H
PR-994076,09/03/2024 08:51,VWX 222E
PR-994077,09/03/2024 16:48,WXY 112N
PR-994078,09/03/2024 16:39,WXY 909I
PR-994079,09/03/2024 16:54,LMN 454N
PR-994080,09/04/2024 16:42,NOP 606F
PR-994081,09/04/2024 16:44,MNO 654B
PR-994082,09/03/2024 08:42,UVW 787Q
PR-994083,09/04/2024 16:46,OPQ 565O
PR-994084,09/02/2024 08:57,TUV 808H
PR-994085,09/04/2024 16:49,NOP 888K
PR-994086,09/04/2024 08:58,UVW 787Q
PR-994087,09/04/2024 16:45,PQR 987C
PR-994088,09/05/2024 16:51,QRS 999L
PR-994089,09/04/2024 16:39,WXY 112N
PR-994090,09/04/2024 16:38,WXY 909I
PR-994091,09/05/2024 16:47,QRS 707G
PR-994092,09/04/2024 08:52,VWX 222E
PR-994093,09/05/2024 16:52,RST 676P
PR-994094,09/04/2024 08:55,TUV 808H
PR-994095,09/05/2024 16:50,STU 111D
PR-994096,09/05/2024 16:37,TUV 000M
PR-994097,09/05/2024 16:45,WXY 112N
PR-994098,09/05/2024 08:53,UVW 787Q
PR-994099,09/06/2024 08:38,TUV 808H
PR-994100,09/05/2024 08:43,TUV 808H
PR-994101,09/05/2024 08:53,VWX 222E
PR-994102,09/06/2024 08:42,UVW 787Q
PR-994103,09/05/2024 16:50,WXY 909I
PR-994104,09/06/2024 08:53,VWX 222E
PR-994105,09/09/2024 16:47,ABC 123X
PR-994106,09/09/2024 16:45,BCD 444G
PR-994107,09/09/2024 16:49,ABC 909S
PR-994108,09/09/2024 16:49,BCD 202B
PR-994109,09/09/2024 16:58,CDE 121K
PR-994110,09/09/2024 16:58,DEF 020T
PR-994111,09/09/2024 08:34,TUV 808H
PR-994112,09/09/2024 16:58,EFG 555H
PR-994113,09/09/2024 16:39,EFG 303C
PR-994114,09/09/2024 16:34,DEF 456Y
PR-994115,09/09/2024 08:40,UVW 787Q
PR-994116,09/09/2024 08:38,VWX 222E
PR-994117,09/09/2024 16:57,CDE 334P
PR-994118,09/10/2024 16:45,FGH 445Q
PR-994119,09/10/2024 16:35,HIJ 404D
PR-994120,09/10/2024 16:44,FGH 232L
PR-994121,09/10/2024 16:48,HIJ 666I
PR-994122,09/10/2024 16:51,GHI 789Z
PR-994123,09/10/2024 16:51,JKL 321A
PR-994124,09/10/2024 16:41,IJK 343M
PR-994125,09/10/2024 16:51,KLM 505E
PR-994126,09/10/2024 16:37,KLM 777J
PR-994127,09/10/2024 16:44,LMN 454N
PR-994128,09/10/2024 08:47,TUV 808H
PR-994129,09/10/2024 08:58,UVW 787Q
PR-994130,09/10/2024 08:52,VWX 222E
PR-994131,09/10/2024 16:47,WXY 112N
PR-994132,09/10/2024 16:51,WXY 909I
PR-994133,09/11/2024 16:36,MNO 654B
PR-994134,09/11/2024 16:52,NOP 888K
PR-994135,09/11/2024 16:54,OPQ 565O
PR-994136,09/11/2024 16:43,PQR 987C
PR-994137,09/11/2024 08:51,TUV 808H
PR-994138,09/11/2024 16:34,NOP 606F
PR-994139,09/11/2024 08:45,UVW 787Q
PR-994140,09/11/2024 08:51,VWX 222E
PR-994141,09/11/2024 16:38,WXY 112N
PR-994142,09/11/2024 16:39,WXY 909I
PR-994143,9/13/2024 08:38,VWX 222E
PR-994144,9/17/2024 16:53,JKL 321A
PR-994145,09/12/2024 16:40,QRS 707G
PR-994146,9/16/2024 16:51,ABC 123X
PR-994147,9/16/2024 16:48,CDE 334P
PR-994148,9/16/2024 16:49,BCD 444G
PR-994149,9/16/2024 16:53,CDE 121K
PR-994150,9/16/2024 16:46,BCD 202B
PR-994151,9/16/2024 16:53,ABC 909S
PR-994152,9/16/2024 16:37,DEF 020T
PR-994153,9/16/2024 16:45,DEF 456Y
PR-994154,9/16/2024 16:46,EFG 303C
PR-994155,09/12/2024 16:49,QRS 999L
PR-994156,9/16/2024 08:39,TUV 808H
PR-994157,9/16/2024 08:44,UVW 787Q
PR-994158,09/12/2024 16:49,RST 676P
PR-994159,9/16/2024 16:43,EFG 555H
PR-994160,9/17/2024 16:49,FGH 445Q
PR-994161,09/12/2024 16:48,STU 111D
PR-994162,9/17/2024 16:38,GHI 789Z
PR-994163,9/16/2024 08:42,VWX 222E
PR-994164,9/17/2024 16:44,IJK 343M
PR-994165,9/17/2024 16:45,HIJ 404D
PR-994166,9/17/2024 16:40,HIJ 666I
PR-994167,9/17/2024 16:50,KLM 505E
PR-994168,9/17/2024 16:56,KLM 777J
PR-994169,9/17/2024 08:50,TUV 808H
PR-994170,9/17/2024 08:47,VWX 222E
PR-994171,9/17/2024 16:50,LMN 454N
PR-994172,9/17/2024 08:34,UVW 787Q
PR-994173,9/17/2024 16:57,WXY 112N
PR-994174,9/17/2024 16:41,WXY 909I
PR-994175,9/25/2024 16:47,NOP 888K
PR-994176,09/12/2024 08:42,TUV 808H
PR-994177,9/18/2024 16:43,MNO 654B
PR-994178,9/18/2024 16:50,NOP 606F
PR-994179,9/25/2024 16:53,PQR 987C
PR-994180,9/25/2024 16:57,OPQ 565O
PR-994181,9/18/2024 16:58,PQR 987C
PR-994182,9/18/2024 16:34,OPQ 565O
PR-994183,9/18/2024 08:50,TUV 808H
PR-994184,9/18/2024 16:38,NOP 888K
PR-994185,9/24/2024 16:49,WXY 909I
PR-994186,9/25/2024 08:52,UVW 787Q
PR-994187,9/25/2024 16:48,NOP 606F
PR-994188,9/18/2024 08:46,UVW 787Q
PR-994189,9/25/2024 16:52,WXY 112N
PR-994190,9/25/2024 08:57,VWX 222E
PR-994191,9/25/2024 08:56,TUV 808H
PR-994192,9/25/2024 16:46,MNO 654B
PR-994193,9/25/2024 16:49,WXY 909I
PR-994194,9/18/2024 16:39,WXY 112N
PR-994195,9/26/2024 16:46,QRS 707G
PR-994196,9/26/2024 16:44,RST 676P
PR-994197,09/12/2024 08:46,UVW 787Q
PR-994198,9/26/2024 16:52,STU 111D
PR-994199,9/26/2024 16:54,QRS 999L
PR-994200,9/19/2024 16:45,RST 676P
PR-994201,9/19/2024 16:58,QRS 707G
PR-994202,9/19/2024 16:42,QRS 999L
PR-994203,9/18/2024 16:41,WXY 909I
PR-994204,9/19/2024 16:43,STU 111D
PR-994205,9/19/2024 16:36,TUV 000M
PR-994206,9/26/2024 16:44,TUV 000M
PR-994207,9/19/2024 08:35,UVW 787Q
PR-994208,09/12/2024 16:38,TUV 000M
PR-994209,9/19/2024 08:41,VWX 222E
PR-994210,9/19/2024 08:55,TUV 808H
PR-994211,9/26/2024 08:36,UVW 787Q
PR-994212,9/26/2024 08:37,TUV 808H
PR-994213,9/19/2024 16:52,WXY 112N
PR-994214,9/18/2024 08:57,VWX 222E
PR-994215,09/12/2024 08:58,VWX 222E
PR-994216,9/19/2024 16:45,WXY 909I
PR-994217,9/26/2024 08:36,VWX 222E
PR-994218,9/26/2024 16:56,WXY 909I
PR-994219,9/27/2024 08:44,UVW 787Q
PR-994220,09/12/2024 16:47,WXY 112N
PR-994221,9/26/2024 16:38,WXY 112N
PR-994222,9/20/2024 08:40,TUV 808H
PR-994223,9/23/2024 16:49,ABC 909S
PR-994224,9/20/2024 08:39,VWX 222E
PR-994225,9/20/2024 08:39,UVW 787Q
PR-994226,9/27/2024 08:49,VWX 222E
PR-994227,9/30/2024 16:44,ABC 123X
PR-994228,9/30/2024 16:38,ABC 909S
PR-994229,9/27/2024 08:42,TUV 808H
PR-994230,9/23/2024 16:41,BCD 444G
PR-994231,9/23/2024 16:38,ABC 123X
PR-994232,9/23/2024 16:53,CDE 121K
PR-994233,9/23/2024 16:42,BCD 202B
PR-994234,9/30/2024 16:37,BCD 202B
PR-994235,9/30/2024 16:38,BCD 444G
PR-994236,9/30/2024 16:56,CDE 334P
PR-994237,9/23/2024 16:41,CDE 334P
PR-994238,9/23/2024 16:38,DEF 020T
PR-994239,9/23/2024 16:48,EFG 303C
PR-994240,09/12/2024 16:44,WXY 909I
PR-994241,9/13/2024 08:49,TUV 808H
PR-994242,9/30/2024 16:45,CDE 121K
PR-994243,9/23/2024 08:40,TUV 808H
PR-994244,9/30/2024 16:39,DEF 020T
PR-994245,9/23/2024 16:53,DEF 456Y
PR-994246,9/23/2024 16:55,EFG 555H
PR-994247,9/23/2024 08:45,UVW 787Q
PR-994248,9/24/2024 16:41,FGH 232L
PR-994249,9/24/2024 16:48,FGH 445Q
PR-994250,9/23/2024 08:36,VWX 222E
PR-994251,9/24/2024 16:57,HIJ 404D
PR-994252,9/30/2024 16:53,EFG 555H
PR-994253,9/24/2024 16:57,JKL 321A
PR-994254,9/24/2024 16:36,GHI 789Z
PR-994255,9/13/2024 08:55,UVW 787Q
PR-994256,9/30/2024 16:55,DEF 456Y
PR-994257,9/24/2024 16:43,HIJ 666I
PR-994258,9/30/2024 08:58,TUV 808H
PR-994259,9/24/2024 16:47,IJK 343M
PR-994260,9/24/2024 16:39,KLM 505E
PR-994261,9/30/2024 08:35,UVW 787Q
PR-994262,9/24/2024 08:55,TUV 808H
PR-994263,9/24/2024 16:34,KLM 777J
PR-994264,9/24/2024 08:46,UVW 787Q
PR-994265,9/24/2024 16:57,LMN 454N
PR-994266,9/30/2024 16:42,EFG 303C
PR-994267,9/24/2024 08:35,VWX 222E
PR-994268,9/30/2024 08:48,VWX 222E
PR-994269,9/30/2024 16:56,ZAB 010J
PR-994270,10/01/2024 16:37,FGH 232L
PR-994271,10/01/2024 16:46,FGH 445Q
PR-994272,9/24/2024 16:38,WXY 112N
PR-994273,10/01/2024 16:35,GHI 789Z
PR-994274,10/01/2024 16:37,HIJ 404D
PR-994275,10/01/2024 16:46,HIJ 666I
PR-994276,10/01/2024 16:49,IJK 343M
PR-994277,10/01/2024 16:34,LMN 454N
PR-994278,10/01/2024 16:49,JKL 321A
PR-994279,10/01/2024 16:41,KLM 505E
PR-994280,10/01/2024 16:35,KLM 777J
PR-994281,10/01/2024 08:37,UVW 787Q
PR-994282,10/01/2024 08:52,TUV 808H
PR-994283,10/01/2024 08:41,VWX 222E
PR-994284,10/01/2024 16:38,WXY 112N
PR-994285,10/01/2024 16:42,WXY 909I
PR-994286,10/02/2024 16:38,MNO 654B
PR-994287,10/02/2024 16:36,NOP 606F
PR-994288,10/02/2024 16:36,NOP 888K
PR-994289,10/02/2024 16:41,OPQ 565O
PR-994290,10/02/2024 16:50,PQR 987C
PR-994291,10/02/2024 08:49,UVW 787Q
PR-994292,10/02/2024 08:49,TUV 808H
PR-994293,10/02/2024 08:39,VWX 222E
PR-994294,10/02/2024 16:57,WXY 112N
PR-994295,10/02/2024 16:34,WXY 909I
PR-994296,10/04/2024 08:42,UVW 787Q
PR-994297,10/03/2024 16:50,WXY 909I
PR-994298,10/03/2024 16:50,WXY 112N
PR-994299,10/04/2024 08:50,VWX 222E
PR-994300,10/03/2024 16:51,QRS 707G
PR-994301,10/04/2024 08:42,TUV 808H
PR-994302,10/07/2024 16:57,ABC 123X
PR-994303,10/03/2024 16:51,QRS 999L
PR-994304,10/03/2024 16:49,ZAB 010J
PR-994305,10/07/2024 16:56,BCD 202B
PR-994306,10/07/2024 16:38,BCD 444G
PR-994307,10/07/2024 16:42,ABC 909S
PR-994308,10/07/2024 16:42,CDE 121K
PR-994309,10/07/2024 16:54,CDE 334P
PR-994310,10/07/2024 16:43,DEF 456Y
PR-994311,10/07/2024 16:51,EFG 303C
PR-994312,10/03/2024 16:52,RST 676P
PR-994313,10/07/2024 16:42,DEF 020T
PR-994314,10/07/2024 16:53,EFG 555H
PR-994315,10/07/2024 08:53,TUV 808H
PR-994316,10/07/2024 08:37,UVW 787Q
PR-994318,10/07/2024 08:38,VWX 222E
PR-994319,10/08/2024 16:51,FGH 232L
PR-994320,10/08/2024 16:57,HIJ 404D
PR-994321,10/08/2024 16:36,GHI 789Z
PR-994322,10/08/2024 16:36,FGH 445Q
PR-994323,10/08/2024 16:35,IJK 343M
PR-994324,10/08/2024 16:56,HIJ 666I
PR-994325,10/08/2024 16:44,LMN 454N
PR-994326,10/08/2024 16:48,KLM 505E
PR-994327,10/08/2024 16:40,KLM 777J
PR-994328,10/08/2024 08:36,TUV 808H
PR-994329,10/08/2024 16:55,JKL 321A
PR-994330,10/14/2024 08:49,UVW 787Q
PR-994331,10/14/2024 16:42,EFG 303C
PR-994332,10/08/2024 16:45,WXY 112N
PR-994333,10/14/2024 16:35,CDE 334P
PR-994334,10/08/2024 16:49,WXY 909I
PR-994335,10/08/2024 08:48,VWX 222E
PR-994336,10/03/2024 16:54,TUV 000M
PR-994337,10/14/2024 16:40,DEF 020T
PR-994338,10/14/2024 16:48,EFG 555H
PR-994339,10/14/2024 08:47,TUV 808H
PR-994340,10/14/2024 16:37,DEF 456Y
PR-994341,10/09/2024 16:56,OPQ 565O
PR-994342,10/09/2024 16:45,MNO 654B
PR-994343,10/08/2024 08:34,UVW 787Q
PR-994344,10/09/2024 16:54,PQR 987C
PR-994345,10/09/2024 16:56,NOP 606F
PR-994346,10/09/2024 16:37,NOP 888K
PR-994347,10/09/2024 08:37,TUV 808H
PR-994348,10/15/2024 16:44,FGH 445Q
PR-994349,10/15/2024 16:42,GHI 789Z
PR-994351,10/09/2024 16:44,WXY 112N
PR-994352,10/15/2024 16:34,HIJ 404D
PR-994353,10/09/2024 08:52,VWX 222E
PR-994354,10/03/2024 08:35,TUV 808H
PR-994355,10/10/2024 16:47,QRS 707G
PR-994356,10/15/2024 16:56,HIJ 666I
PR-994357,10/09/2024 16:40,WXY 909I
PR-994358,10/10/2024 16:43,QRS 999L
PR-994359,10/15/2024 16:51,JKL 321A
PR-994360,10/15/2024 16:41,IJK 343M
PR-994361,10/10/2024 16:55,RST 676P
PR-994362,10/09/2024 08:53,UVW 787Q
PR-994363,10/15/2024 16:49,KLM 505E
PR-994364,10/10/2024 16:53,TUV 000M
PR-994365,10/10/2024 16:53,STU 111D
PR-994366,10/15/2024 16:48,KLM 777J
PR-994367,10/10/2024 08:37,TUV 808H
PR-994368,10/10/2024 08:58,UVW 787Q
PR-994369,10/15/2024 16:36,LMN 454N
PR-994370,10/10/2024 08:47,VWX 222E
PR-994371,10/03/2024 08:38,UVW 787Q
PR-994372,10/15/2024 08:39,UVW 787Q
PR-994373,10/10/2024 16:37,WXY 112N
PR-994374,10/15/2024 08:40,TUV 808H
PR-994376,10/15/2024 16:58,WXY 112N
PR-994377,10/10/2024 16:34,WXY 909I
PR-994378,10/15/2024 16:49,WXY 909I
PR-994379,10/11/2024 08:43,TUV 808H
PR-994380,10/16/2024 16:39,OPQ 565O
PR-994381,10/16/2024 08:46,TUV 808H
PR-994382,10/16/2024 16:38,MNO 654B
PR-994383,10/15/2024 08:57,VWX 222E
PR-994384,10/11/2024 08:45,UVW 787Q
PR-994385,10/11/2024 08:55,VWX 222E
PR-994386,10/16/2024 16:41,PQR 987C
PR-994387,10/14/2024 16:58,ABC 123X
PR-994388,10/16/2024 16:42,NOP 606F
PR-994389,10/14/2024 16:36,ABC 909S
PR-994390,10/16/2024 08:44,UVW 787Q
PR-994391,10/14/2024 16:50,BCD 444G
PR-994392,10/16/2024 08:55,VWX 222E
PR-994393,10/03/2024 08:53,VWX 222E
PR-994394,10/14/2024 16:48,BCD 202B
PR-994395,10/14/2024 16:43,CDE 121K
PR-994396,10/16/2024 16:35,WXY 909I
PR-994397,10/14/2024 08:52,VWX 222E
PR-994398,10/17/2024 16:39,QRS 707G
PR-994399,10/16/2024 16:45,WXY 112N
PR-994400,10/16/2024 16:52,NOP 888K
PR-994401,10/17/2024 16:58,RST 676P
PR-994402,10/17/2024 16:56,STU 111D
PR-994403,10/17/2024 16:42,QRS 999L
PR-994404,10/17/2024 16:42,TUV 000M
PR-994405,10/17/2024 08:52,TUV 808H
PR-994406,10/17/2024 16:51,WXY 909I
PR-994407,10/17/2024 16:52,WXY 112N
PR-994409,10/18/2024 08:49,TUV 808H
PR-994410,10/17/2024 08:42,UVW 787Q
PR-994411,10/18/2024 08:50,UVW 787Q
PR-994412,10/18/2024 08:55,VWX 222E
PR-994413,10/21/2024 16:58,ABC 123X
PR-994414,10/21/2024 16:56,ABC 909S
PR-994415,10/21/2024 16:35,BCD 202B
PR-994416,10/21/2024 16:47,BCD 444G
PR-994417,10/21/2024 16:49,CDE 121K
PR-994418,10/21/2024 16:53,CDE 334P
PR-994419,10/17/2024 08:41,VWX 222E
PR-994420,10/21/2024 16:48,EFG 303C
PR-994421,10/21/2024 16:41,DEF 456Y
PR-994422,10/21/2024 16:48,DEF 020T
PR-994423,10/21/2024 16:58,EFG 555H
PR-994424,10/21/2024 08:51,VWX 222E
PR-994425,10/21/2024 08:46,TUV 808H
PR-994426,10/22/2024 16:45,FGH 445Q
PR-994427,10/22/2024 16:56,GHI 789Z
PR-994429,10/22/2024 16:39,HIJ 666I
PR-994430,10/21/2024 08:36,UVW 787Q
PR-994431,10/22/2024 16:38,HIJ 404D
PR-994432,10/22/2024 16:49,IJK 343M
PR-994433,10/22/2024 16:53,JKL 321A
PR-994434,10/22/2024 16:51,KLM 505E
PR-994435,10/22/2024 16:52,LMN 454N
PR-994436,10/22/2024 08:56,UVW 787Q
PR-994437,10/22/2024 08:52,TUV 808H
PR-994438,10/22/2024 16:56,WXY 112N
PR-994439,10/22/2024 08:38,VWX 222E
PR-994440,10/22/2024 16:38,KLM 777J
PR-994442,10/22/2024 16:34,WXY 909I
PR-994450,10/29/2024 16:50,JKL 321A
PR-994451,10/29/2024 16:37,HIJ 404D
PR-994452,10/29/2024 16:48,KLM 777J
PR-994456,10/29/2024 16:49,IJK 343M
PR-994459,10/29/2024 16:50,KLM 505E
PR-994460,10/29/2024 16:58,GHI 789Z
PR-994461,10/29/2024 16:52,HIJ 666I
PR-994462,10/29/2024 16:54,FGH 445Q
PR-994468,10/29/2024 16:40,LMN 454N
PR-994469,10/29/2024 08:48,TUV 808H
PR-994470,10/29/2024 08:54,UVW 787Q
PR-994471,10/29/2024 16:54,WXY 909I
PR-994473,10/29/2024 08:34,VWX 222E
PR-994474,10/29/2024 16:56,WXY 112N
PR-994475,10/30/2024 16:47,NOP 606F
PR-994481,10/30/2024 16:49,PQR 987C
PR-994482,10/30/2024 16:41,NOP 888K
PR-994483,11/01/2024 08:51,UVW 787Q
PR-994484,10/30/2024 16:39,MNO 654B
PR-994485,10/30/2024 16:53,OPQ 565O
PR-994486,11/01/2024 08:54,TUV 808H
PR-994487,10/30/2024 08:56,TUV 808H
PR-994488,10/31/2024 16:55,ZAB 223O
PR-994490,11/01/2024 08:39,VWX 222E
PR-994491,10/30/2024 16:51,WXY 112N
PR-994493,10/25/2024 08:49,VWX 222E
PR-994494,10/25/2024 08:40,TUV 808H
PR-994495,11/04/2024 16:43,ABC 123X
PR-994496,11/04/2024 16:36,ABC 909S
PR-994497,10/30/2024 08:40,VWX 222E
PR-994498,10/25/2024 08:41,UVW 787Q
PR-994499,10/31/2024 16:56,QRS 707G
PR-994500,11/04/2024 16:55,BCD 444G
PR-994501,11/04/2024 16:47,BCD 202B
PR-994502,10/31/2024 16:49,QRS 999L
PR-994503,11/04/2024 16:44,CDE 121K
PR-994504,11/04/2024 16:42,CDE 334P
PR-994505,10/30/2024 16:58,WXY 909I
PR-994506,10/28/2024 16:57,BCD 444G
PR-994507,10/30/2024 08:38,UVW 787Q
PR-994508,10/28/2024 16:40,ABC 909S
PR-994509,10/28/2024 16:56,ABC 123X
PR-994510,10/31/2024 16:54,STU 111D
PR-994511,11/04/2024 16:44,DEF 020T
PR-994512,10/31/2024 08:53,TUV 808H
PR-994513,10/28/2024 16:41,BCD 202B
PR-994514,10/31/2024 08:56,VWX 222E
PR-994515,10/31/2024 16:53,TUV 000M
PR-994516,10/28/2024 16:57,CDE 334P
PR-994517,11/04/2024 16:39,DEF 456Y
PR-994518,11/04/2024 16:34,EFG 303C
PR-994519,10/28/2024 16:35,EFG 555H
PR-994520,10/28/2024 16:41,EFG 303C
PR-994521,10/31/2024 08:46,UVW 787Q
PR-994522,10/28/2024 16:42,DEF 456Y
PR-994523,10/31/2024 16:39,WXY 112N
PR-994524,10/31/2024 16:50,WXY 909I
PR-994525,10/28/2024 08:47,UVW 787Q
PR-994526,10/28/2024 16:49,CDE 121K
PR-994527,10/28/2024 08:57,TUV 808H
PR-994528,10/28/2024 16:39,DEF 020T
PR-994529,10/28/2024 08:54,VWX 222E
PR-994531,11/04/2024 08:54,TUV 808H
PR-994532,11/04/2024 16:36,EFG 555H
PR-994533,10/29/2024 16:51,FGH 232L
PR-994535,11/04/2024 08:40,UVW 787Q
PR-994536,11/04/2024 08:56,VWX 222E
PR-994537,11/06/2024 08:47,VWX 222E
PR-994538,10/31/2024 16:54,RST 676P
PR-994540,11/05/2024 16:37,FGH 232L
PR-994541,11/05/2024 16:46,FGH 445Q
PR-994542,11/05/2024 16:47,HIJ 404D
PR-994543,11/05/2024 16:55,HIJ 666I
PR-994544,11/05/2024 16:54,GHI 789Z
PR-994545,11/05/2024 16:58,IJK 343M
PR-994546,11/05/2024 16:34,KLM 505E
PR-994547,11/05/2024 16:50,KLM 777J
PR-994548,11/05/2024 16:35,LMN 454N
PR-994549,11/05/2024 08:54,UVW 787Q
PR-994550,11/05/2024 08:42,TUV 808H
PR-994551,11/05/2024 16:50,JKL 321A
PR-994552,11/05/2024 16:40,WXY 909I
PR-994553,11/05/2024 08:47,VWX 222E
PR-994554,11/05/2024 16:51,WXY 112N
PR-994555,11/13/2024 16:52,PQR 987C
PR-994556,11/13/2024 16:39,OPQ 565O
PR-994557,11/13/2024 16:35,NOP 606F
PR-994558,11/13/2024 16:40,NOP 888K
PR-994559,11/13/2024 08:36,VWX 222E
PR-994560,11/06/2024 16:45,MNO 654B
PR-994561,11/13/2024 08:47,UVW 787Q
PR-994562,11/13/2024 08:40,TUV 808H
PR-994563,11/13/2024 16:56,WXY 112N
PR-994564,11/13/2024 16:46,MNO 654B
PR-994565,11/12/2024 16:57,WXY 909I
PR-994566,11/06/2024 16:52,NOP 888K
PR-994567,11/12/2024 16:40,WXY 112N
PR-994568,11/12/2024 08:36,VWX 222E
PR-994569,11/06/2024 16:38,NOP 606F
PR-994570,11/12/2024 08:51,UVW 787Q
PR-994571,11/06/2024 16:47,OPQ 565O
PR-994572,11/06/2024 16:47,PQR 987C
PR-994573,11/06/2024 08:53,TUV 808H
PR-994574,11/12/2024 08:48,TUV 808H
PR-994575,11/12/2024 16:39,LMN 454N
PR-994576,11/12/2024 16:41,JKL 321A
PR-994577,11/12/2024 16:41,KLM 777J
PR-994578,11/12/2024 16:39,IJK 343M
PR-994579,11/06/2024 08:56,UVW 787Q
PR-994580,11/12/2024 16:55,KLM 505E
PR-994581,11/12/2024 16:55,HIJ 404D
PR-994582,11/12/2024 16:43,FGH 445Q
PR-994583,11/12/2024 16:44,HIJ 666I
PR-994584,11/12/2024 16:50,FGH 232L
PR-994585,11/12/2024 16:38,GHI 789Z
PR-994587,11/11/2024 08:57,VWX 222E
PR-994588,11/11/2024 08:35,UVW 787Q
PR-994589,11/11/2024 08:35,TUV 808H
PR-994591,11/11/2024 16:39,DEF 456Y
PR-994592,11/11/2024 16:53,DEF 020T
PR-994593,11/11/2024 16:34,EFG 555H
PR-994594,11/11/2024 16:58,EFG 303C
PR-994595,11/11/2024 16:50,CDE 334P
PR-994596,11/11/2024 16:36,CDE 121K
PR-994597,11/11/2024 16:47,BCD 444G
PR-994598,11/11/2024 16:42,ABC 909S
PR-994599,11/11/2024 16:52,BCD 202B
PR-994600,11/11/2024 16:42,ABC 123X
PR-994601,11/08/2024 08:50,TUV 808H
PR-994602,11/08/2024 08:40,VWX 222E
PR-994603,11/08/2024 08:57,UVW 787Q
PR-994604,11/07/2024 16:43,WXY 909I
PR-994607,11/14/2024 16:45,STU 111D
PR-994608,11/14/2024 16:58,QRS 999L
PR-994609,11/14/2024 16:44,TUV 000M
PR-994610,11/14/2024 16:57,QRS 707G
PR-994611,11/07/2024 08:47,VWX 222E
PR-994612,11/13/2024 16:57,WXY 909I
PR-994613,11/19/2024 08:43,TUV 808H
PR-994614,11/14/2024 08:58,TUV 808H
PR-994615,11/14/2024 16:46,RST 676P
PR-994616,11/07/2024 08:49,UVW 787Q
PR-994617,11/07/2024 16:34,WXY 112N
PR-994618,11/14/2024 08:58,VWX 222E
PR-994619,11/07/2024 16:55,STU 111D
PR-994620,11/14/2024 08:38,UVW 787Q
PR-994621,11/07/2024 08:53,TUV 808H
PR-994622,11/07/2024 16:47,TUV 000M
PR-994623,11/21/2024 16:44,RST 676P
PR-994624,11/19/2024 16:41,WXY 112N
PR-994625,11/14/2024 16:50,WXY 909I
PR-994626,11/19/2024 08:56,UVW 787Q
PR-994627,11/19/2024 08:39,VWX 222E
PR-994628,11/14/2024 16:46,WXY 112N
PR-994629,11/07/2024 16:54,QRS 999L
PR-994630,11/20/2024 16:51,MNO 654B
PR-994632,11/19/2024 16:36,WXY 909I
PR-994634,11/20/2024 16:58,NOP 606F
PR-994635,11/20/2024 16:45,OPQ 565O
PR-994636,11/15/2024 08:55,TUV 808H
PR-994637,11/07/2024 16:34,QRS 707G
PR-994638,11/20/2024 16:44,NOP 888K
PR-994639,11/20/2024 16:58,PQR 987C
PR-994640,11/15/2024 08:41,UVW 787Q
PR-994641,11/20/2024 08:46,TUV 808H
PR-994642,11/20/2024 08:37,UVW 787Q
PR-994643,11/06/2024 16:51,WXY 909I
PR-994644,11/20/2024 08:39,VWX 222E
PR-994645,11/18/2024 16:45,ABC 123X
PR-994646,11/15/2024 08:56,VWX 222E
PR-994647,11/06/2024 16:45,WXY 112N
PR-994648,11/20/2024 16:47,WXY 112N
PR-994649,11/18/2024 16:58,ABC 909S
PR-994650,11/18/2024 16:56,BCD 202B
PR-994651,11/21/2024 16:46,QRS 707G
PR-994652,11/21/2024 08:35,TUV 808H
PR-994653,11/21/2024 16:41,TUV 000M
PR-994654,11/21/2024 16:39,STU 111D
PR-994657,11/25/2024 16:57,ABC 909S
PR-994658,11/20/2024 16:43,WXY 909I
PR-994659,11/18/2024 16:44,BCD 444G
PR-994660,11/18/2024 16:43,CDE 121K
PR-994661,11/25/2024 16:45,ABC 123X
PR-994662,11/21/2024 08:48,UVW 787Q
PR-994663,11/18/2024 16:36,CDE 334P
PR-994664,11/18/2024 16:34,DEF 020T
PR-994665,11/21/2024 08:37,VWX 222E
PR-994666,11/21/2024 16:40,WXY 909I
PR-994667,11/18/2024 16:48,EFG 303C
PR-994668,11/21/2024 16:50,WXY 112N
PR-994669,11/18/2024 16:54,DEF 456Y
PR-994670,11/18/2024 08:53,TUV 808H
PR-994672,11/25/2024 16:52,DEF 020T
PR-994674,11/25/2024 16:39,CDE 121K
PR-994675,11/25/2024 16:36,BCD 444G
PR-994676,11/25/2024 16:49,CDE 334P
PR-994678,11/18/2024 16:52,EFG 555H
PR-994679,11/25/2024 08:55,VWX 222E
PR-994680,11/25/2024 16:50,BCD 202B
PR-994681,11/18/2024 08:35,VWX 222E
PR-994682,11/18/2024 08:35,UVW 787Q
PR-994683,11/22/2024 08:46,TUV 808H
PR-994684,11/25/2024 16:37,DEF 456Y
PR-994685,11/22/2024 08:56,UVW 787Q
PR-994686,11/25/2024 16:54,EFG 303C
PR-994687,11/22/2024 08:53,VWX 222E
PR-994688,11/25/2024 16:50,EFG 555H
PR-994689,11/25/2024 08:35,TUV 808H
PR-994690,11/25/2024 08:41,UVW 787Q
PR-994692,11/29/2024 08:48,VWX 222E
PR-994695,11/26/2024 16:53,FGH 232L
PR-994696,11/26/2024 16:37,GHI 789Z
PR-994697,11/26/2024 16:53,FGH 445Q
PR-994698,11/26/2024 16:44,HIJ 666I
PR-994699,11/26/2024 16:51,HIJ 404D
PR-994700,11/26/2024 16:50,JKL 321A
PR-994701,11/26/2024 16:38,IJK 343M
PR-994702,11/26/2024 16:36,LMN 454N
PR-994703,11/26/2024 08:42,TUV 808H
PR-994704,11/26/2024 08:41,UVW 787Q
PR-994705,11/26/2024 08:47,VWX 222E
PR-994706,11/26/2024 16:49,WXY 112N
PR-994708,11/26/2024 16:45,WXY 909I
PR-994710,11/27/2024 16:49,MNO 654B
PR-994711,11/27/2024 16:39,NOP 606F
PR-994712,11/27/2024 16:44,OPQ 565O
PR-994713,11/27/2024 16:39,NOP 888K
PR-994714,11/27/2024 16:48,PQR 987C
PR-994715,11/27/2024 08:58,TUV 808H
PR-994716,11/27/2024 08:57,UVW 787Q
PR-994717,11/27/2024 16:34,WXY 112N
PR-994718,12/03/2024 16:55,GHI 789Z
PR-994719,12/03/2024 16:47,FGH 232L
PR-994721,11/27/2024 08:39,VWX 222E
PR-994723,12/03/2024 16:48,FGH 445Q
PR-994724,12/05/2024 08:54,TUV 808H
PR-994726,12/03/2024 16:50,KLM 505E
PR-994727,11/28/2024 16:57,ABC 123X
PR-994728,11/28/2024 16:35,ABC 909S
PR-994729,11/28/2024 16:35,CDE 334P
PR-994730,11/28/2024 16:43,CDE 121K
PR-994731,11/28/2024 16:47,BCD 444G
PR-994732,11/28/2024 16:49,BCD 202B
PR-994733,11/28/2024 16:48,DEF 020T
PR-994735,12/03/2024 16:55,JKL 321A
PR-994736,11/28/2024 16:35,DEF 456Y
PR-994737,12/03/2024 16:45,LMN 454N
PR-994738,11/27/2024 16:51,WXY 909I
PR-994739,12/03/2024 16:38,KLM 777J
PR-994740,11/28/2024 16:56,EFG 303C
PR-994741,12/05/2024 08:54,UVW 787Q
PR-994742,11/28/2024 16:41,QRS 707G
PR-994743,11/28/2024 16:34,EFG 555H
PR-994744,12/03/2024 16:38,HIJ 404D
PR-994745,11/28/2024 16:35,QRS 999L
PR-994746,11/28/2024 16:55,RST 676P
PR-994747,12/03/2024 16:41,WXY 909I
PR-994749,12/03/2024 08:34,VWX 222E
PR-994750,12/03/2024 16:34,WXY 112N
PR-994751,12/05/2024 16:38,WXY 909I
PR-994753,12/05/2024 16:36,WXY 112N
PR-994754,11/29/2024 08:45,TUV 808H
PR-994756,12/03/2024 08:34,TUV 808H
PR-994758,12/05/2024 08:51,VWX 222E
PR-994760,11/29/2024 08:39,UVW 787Q
PR-994761,12/04/2024 16:35,NOP 888K
PR-994762,12/04/2024 16:36,NOP 606F
PR-994764,12/04/2024 16:40,MNO 654B
PR-994765,12/06/2024 08:56,TUV 808H
PR-994768,12/02/2024 16:50,ABC 123X
PR-994769,12/04/2024 08:43,UVW 787Q
PR-994770,12/04/2024 16:38,OPQ 565O
PR-994771,12/04/2024 16:46,PQR 987C
PR-994772,12/02/2024 16:36,ABC 909S
PR-994773,12/04/2024 08:35,TUV 808H
PR-994774,12/04/2024 08:40,VWX 222E
PR-994775,12/04/2024 16:50,WXY 112N
PR-994776,12/02/2024 16:35,BCD 202B
PR-994777,12/06/2024 08:56,VWX 222E
PR-994778,12/02/2024 16:56,BCD 444G
PR-994779,12/04/2024 16:54,WXY 909I
PR-994783,12/02/2024 16:44,CDE 121K
PR-994784,12/05/2024 16:47,QRS 707G
PR-994785,12/05/2024 16:53,QRS 999L
PR-994786,12/02/2024 16:48,CDE 334P
PR-994787,12/02/2024 16:37,DEF 020T
PR-994788,12/05/2024 16:51,STU 111D
PR-994789,12/02/2024 16:56,DEF 456Y
PR-994790,12/05/2024 16:55,TUV 000M
PR-994792,12/02/2024 08:53,TUV 808H
PR-994793,12/02/2024 16:47,EFG 555H
PR-994794,12/02/2024 16:47,EFG 303C
PR-994795,12/05/2024 16:48,RST 676P
PR-994796,12/09/2024 16:41,ABC 123X
PR-994797,12/09/2024 16:41,ABC 909S
PR-994798,12/02/2024 08:34,UVW 787Q
PR-994799,12/02/2024 08:52,VWX 222E
PR-994800,12/09/2024 16:51,BCD 202B
PR-994801,12/09/2024 16:39,BCD 444G
PR-994802,12/09/2024 16:58,CDE 121K
PR-994803,12/11/2024 16:51,NOP 888K
PR-994804,12/09/2024 16:38,CDE 334P
PR-994805,12/03/2024 08:40,UVW 787Q
PR-994806,12/06/2024 08:54,UVW 787Q
PR-994807,12/11/2024 16:56,NOP 606F
PR-994809,12/09/2024 16:34,DEF 020T
PR-994810,12/11/2024 08:41,TUV 808H
PR-994811,12/11/2024 08:53,VWX 222E
PR-994812,12/11/2024 16:51,MNO 654B
PR-994813,12/10/2024 16:58,WXY 112N
PR-994814,12/11/2024 16:45,WXY 909I
PR-994815,12/10/2024 16:55,WXY 909I
PR-994816,12/11/2024 08:54,UVW 787Q
PR-994818,12/10/2024 08:51,VWX 222E
PR-994819,12/09/2024 16:42,DEF 456Y
PR-994820,12/11/2024 16:45,WXY 112N
PR-994821,12/09/2024 16:53,EFG 303C
PR-994822,12/09/2024 16:55,EFG 555H
PR-994823,12/11/2024 16:57,OPQ 565O
PR-994824,12/10/2024 08:53,TUV 808H
PR-994825,12/10/2024 08:36,UVW 787Q
PR-994826,12/11/2024 16:42,PQR 987C
PR-994827,12/09/2024 08:34,TUV 808H
PR-994828,12/09/2024 08:48,UVW 787Q
PR-994829,12/09/2024 08:45,VWX 222E
PR-994832,12/10/2024 16:46,FGH 445Q
PR-994833,12/10/2024 16:38,GHI 789Z
PR-994834,12/10/2024 16:39,HIJ 666I
PR-994835,12/10/2024 16:49,IJK 343M
PR-994836,12/10/2024 16:49,KLM 505E
PR-994837,12/10/2024 16:45,KLM 777J
PR-994838,12/10/2024 16:52,JKL 321A
PR-994839,12/10/2024 16:47,LMN 454N
PR-994840,01/07/2025 16:54,FGH 232L
PR-994841,01/07/2025 16:53,JKL 321A
PR-994842,01/07/2025 16:34,IJK 343M
PR-994843,01/07/2025 16:55,HIJ 666I
PR-994845,01/07/2025 16:55,FGH 445Q
PR-994846,01/07/2025 16:35,GHI 789Z
PR-994847,01/07/2025 16:47,HIJ 404D
PR-994849,12/16/2024 08:56,VWX 222E
PR-994850,12/16/2024 08:52,UVW 787Q
PR-994851,12/16/2024 08:56,TUV 808H
PR-994852,12/16/2024 16:37,EFG 555H
PR-994853,12/16/2024 16:45,EFG 303C
PR-994854,12/16/2024 16:41,DEF 456Y
PR-994855,12/16/2024 16:53,DEF 020T
PR-994856,01/07/2025 16:56,WXY 112N
PR-994857,01/07/2025 08:54,VWX 222E
PR-994858,01/07/2025 16:54,LMN 454N
PR-994859,12/16/2024 16:42,CDE 121K
PR-994860,12/16/2024 16:46,BCD 444G
PR-994861,12/16/2024 16:52,BCD 202B
PR-994862,12/16/2024 16:37,CDE 334P
PR-994863,12/16/2024 16:42,ABC 909S
PR-994864,12/16/2024 16:49,ABC 123X
PR-994865,01/07/2025 08:43,UVW 787Q
PR-994866,01/07/2025 08:58,TUV 808H
PR-994867,01/07/2025 16:42,KLM 505E
PR-994869,01/07/2025 16:55,WXY 909I
PR-994871,12/13/2024 08:46,UVW 787Q
PR-994873,01/08/2025 16:35,MNO 654B
PR-994874,12/13/2024 08:56,VWX 222E
PR-994875,01/08/2025 16:37,NOP 606F
PR-994877,01/08/2025 16:36,NOP 888K
PR-994878,12/13/2024 08:58,TUV 808H
PR-994880,12/12/2024 16:48,WXY 909I
PR-994881,01/08/2025 16:48,OPQ 565O
PR-994882,01/08/2025 16:54,PQR 987C
PR-994884,12/12/2024 16:55,WXY 112N
PR-994885,01/08/2025 08:47,TUV 808H
PR-994887,01/08/2025 08:40,UVW 787Q
PR-994888,12/12/2024 08:47,VWX 222E
PR-994889,01/09/2025 16:51,WXY 112N
PR-994890,01/09/2025 08:56,UVW 787Q
PR-994891,12/12/2024 08:44,UVW 787Q
PR-994892,01/09/2025 08:49,VWX 222E
PR-994893,12/12/2024 16:40,TUV 000M
PR-994894,01/09/2025 16:49,TUV 000M
PR-994895,01/09/2025 08:39,TUV 808H
PR-994896,12/12/2024 08:39,TUV 808H
PR-994897,12/12/2024 16:42,STU 111D
PR-994898,01/09/2025 16:38,STU 111D
PR-994899,01/09/2025 16:45,QRS 999L
PR-994900,01/09/2025 16:41,RST 676P
PR-994901,12/12/2024 16:55,RST 676P
PR-994902,01/09/2025 16:52,WXY 909I
PR-994903,01/09/2025 16:36,QRS 707G
PR-994904,12/12/2024 16:47,QRS 999L
PR-994906,1/13/2025 08:54,VWX 222E
PR-994907,01/10/2025 08:44,TUV 808H
PR-994908,01/08/2025 16:40,WXY 909I
PR-994909,01/10/2025 08:37,VWX 222E
PR-994910,01/10/2025 08:51,UVW 787Q
PR-994911,12/12/2024 16:34,QRS 707G
PR-994913,01/08/2025 16:36,WXY 112N
PR-994914,01/08/2025 08:57,VWX 222E
PR-994915,1/13/2025 16:56,ABC 123X
PR-994917,1/13/2025 16:38,ABC 909S
PR-994918,1/13/2025 16:53,BCD 444G
PR-994919,1/13/2025 16:38,CDE 121K
PR-994920,1/13/2025 16:42,BCD 202B
PR-994922,1/13/2025 16:54,CDE 334P
PR-994923,1/13/2025 16:47,EFG 303C
PR-994924,1/13/2025 16:54,EFG 555H
PR-994925,1/13/2025 08:45,TUV 808H
PR-994926,1/13/2025 08:53,UVW 787Q
PR-994927,1/13/2025 16:42,DEF 020T
PR-994928,1/14/2025 16:37,FGH 232L
PR-994931,1/13/2025 16:43,DEF 456Y
PR-994932,1/14/2025 16:41,FGH 445Q
PR-994933,1/14/2025 16:50,GHI 789Z
PR-994934,1/14/2025 16:57,HIJ 404D
PR-994936,1/14/2025 16:34,HIJ 666I
PR-994937,1/15/2025 16:46,MNO 654B
PR-994938,1/15/2025 16:52,NOP 606F
PR-994939,1/14/2025 16:55,JKL 321A
PR-994940,1/14/2025 16:56,WXY 909I
PR-994941,1/15/2025 16:37,OPQ 565O
PR-994942,1/14/2025 16:55,KLM 777J
PR-994943,1/15/2025 16:45,NOP 888K
PR-994944,1/14/2025 16:53,LMN 454N
PR-994945,1/14/2025 08:46,UVW 787Q
PR-994946,1/14/2025 08:39,VWX 222E
PR-994947,1/14/2025 16:53,KLM 505E
PR-994948,1/16/2025 16:56,QRS 707G
PR-994949,1/14/2025 16:47,WXY 112N
PR-994950,1/16/2025 16:48,QRS 999L
PR-994951,1/16/2025 16:52,STU 111D
PR-994953,1/15/2025 16:52,WXY 909I
PR-994954,1/15/2025 16:39,PQR 987C
PR-994955,1/16/2025 16:44,RST 676P
PR-994956,1/14/2025 08:34,TUV 808H
PR-994957,1/15/2025 16:35,WXY 112N
PR-994958,1/15/2025 08:58,UVW 787Q
PR-994959,1/15/2025 08:37,TUV 808H
PR-994962,1/15/2025 08:44,VWX 222E
PR-994963,1/16/2025 16:56,WXY 909I
PR-994964,1/16/2025 16:55,WXY 112N
PR-994965,1/16/2025 08:37,VWX 222E
PR-994966,1/16/2025 08:40,UVW 787Q
PR-994967,1/16/2025 08:52,TUV 808H
PR-994968,1/21/2025 16:57,KLM 505E
PR-994969,1/21/2025 08:39,TUV 808H
PR-994970,1/21/2025 16:51,IJK 343M
PR-994971,1/21/2025 16:42,JKL 321A
PR-994972,1/21/2025 08:37,VWX 222E
PR-994973,1/21/2025 16:44,WXY 112N
PR-994974,1/21/2025 08:57,UVW 787Q
PR-994975,1/21/2025 16:54,KLM 777J
PR-994976,1/21/2025 16:56,FGH 445Q
PR-994977,1/21/2025 16:56,HIJ 666I
PR-994978,1/21/2025 16:35,GHI 789Z
PR-994979,1/21/2025 16:43,HIJ 404D
PR-994980,1/21/2025 16:42,FGH 232L
PR-994983,1/20/2025 08:56,TUV 808H
PR-994984,1/20/2025 08:49,VWX 222E
PR-994985,1/20/2025 08:54,UVW 787Q
PR-994986,1/20/2025 16:54,EFG 555H
PR-994987,1/20/2025 16:46,EFG 303C
PR-994988,1/20/2025 16:52,DEF 456Y
PR-994989,1/20/2025 16:40,DEF 020T
PR-994990,1/20/2025 16:42,CDE 334P
PR-994991,1/20/2025 16:55,BCD 444G
PR-994992,1/20/2025 16:55,CDE 121K
PR-994993,1/20/2025 16:52,ABC 909S
PR-994994,1/20/2025 16:39,BCD 202B
PR-994996,1/20/2025 16:51,ABC 123X
PR-994997,1/17/2025 08:46,VWX 222E
PR-994998,1/17/2025 08:45,UVW 787Q
PR-994999,1/17/2025 08:34,TUV 808H
PR-995000,1/22/2025 16:53,NOP 606F
PR-995002,1/22/2025 16:51,PQR 987C
PR-995003,1/22/2025 16:57,OPQ 565O
PR-995004,1/21/2025 16:48,WXY 909I
PR-995005,1/22/2025 08:53,VWX 222E
PR-995006,1/22/2025 08:41,UVW 787Q
PR-995007,1/27/2025 16:54,ABC 909S
PR-995008,1/24/2025 08:35,VWX 222E
PR-995009,1/27/2025 16:46,ABC 123X
PR-995011,1/24/2025 08:52,UVW 787Q
PR-995012,1/24/2025 08:48,TUV 808H
PR-995015,1/22/2025 16:37,NOP 888K
PR-995016,1/23/2025 16:40,WXY 909I
PR-995017,1/22/2025 08:42,TUV 808H
PR-995018,1/22/2025 16:41,WXY 909I
PR-995019,1/23/2025 16:38,WXY 112N
PR-995020,1/22/2025 16:42,WXY 112N
PR-995021,1/23/2025 08:43,VWX 222E
PR-995022,1/22/2025 16:55,MNO 654B
PR-995023,1/23/2025 16:58,QRS 707G
PR-995025,1/23/2025 16:52,TUV 000M
PR-995026,1/23/2025 08:43,TUV 808H
PR-995027,1/23/2025 08:35,UVW 787Q
PR-995028,1/23/2025 16:58,STU 111D
PR-995029,1/28/2025 16:47,HIJ 404D
PR-995030,1/27/2025 16:40,BCD 202B
PR-995031,1/23/2025 16:48,QRS 999L
PR-995032,1/27/2025 16:42,EFG 303C
PR-995033,1/27/2025 16:34,BCD 444G
PR-995034,1/27/2025 16:58,DEF 020T
PR-995035,1/27/2025 16:39,CDE 121K
PR-995036,1/23/2025 16:51,RST 676P
PR-995037,1/27/2025 16:40,CDE 334P
PR-995038,1/28/2025 16:54,GHI 789Z
PR-995039,1/27/2025 16:34,DEF 456Y
PR-995040,1/27/2025 16:49,EFG 555H
PR-995041,1/27/2025 08:53,UVW 787Q
PR-995042,1/27/2025 08:48,TUV 808H
PR-995043,1/27/2025 08:40,VWX 222E
PR-995046,1/28/2025 16:49,FGH 445Q
PR-995047,1/29/2025 16:57,NOP 888K
PR-995048,1/28/2025 16:53,IJK 343M
PR-995049,1/28/2025 16:43,HIJ 666I
PR-995050,1/28/2025 16:45,KLM 505E
PR-995051,1/28/2025 16:58,JKL 321A
PR-995052,1/28/2025 16:41,KLM 777J
PR-995053,1/28/2025 08:39,TUV 808H
PR-995054,1/28/2025 16:44,LMN 454N
PR-995055,1/28/2025 08:41,UVW 787Q
PR-995056,1/28/2025 08:45,VWX 222E
PR-995057,1/28/2025 16:44,WXY 112N
PR-995058,1/28/2025 16:54,WXY 909I
PR-995060,1/29/2025 16:37,MNO 654B
PR-995061,1/29/2025 08:38,UVW 787Q
PR-995062,1/29/2025 16:48,NOP 606F
PR-995063,1/29/2025 16:47,OPQ 565O
PR-995064,1/29/2025 16:49,PQR 987C
PR-995065,1/29/2025 08:54,VWX 222E
PR-995066,1/29/2025 08:55,TUV 808H
PR-995067,1/29/2025 16:46,WXY 909I
PR-995068,1/29/2025 16:42,WXY 112N
PR-995070,1/30/2025 16:35,STU 111D
PR-995071,1/30/2025 16:53,QRS 707G
PR-995072,1/30/2025 16:49,RST 676P
PR-995073,02/03/2025 16:36,ABC 909S
PR-995075,1/31/2025 08:36,VWX 222E
PR-995076,02/03/2025 16:34,ABC 123X
PR-995077,02/03/2025 16:41,BCD 202B
PR-995078,1/30/2025 08:46,TUV 808H
PR-995079,02/03/2025 16:34,BCD 444G
PR-995080,1/30/2025 16:44,TUV 000M
PR-995081,02/03/2025 16:49,EFG 555H
PR-995082,02/03/2025 16:36,EFG 303C
PR-995083,02/03/2025 16:43,CDE 121K
PR-995084,02/03/2025 16:42,CDE 334P
PR-995085,1/30/2025 16:37,WXY 112N
PR-995086,02/03/2025 08:35,UVW 787Q
PR-995087,02/03/2025 16:49,DEF 020T
PR-995088,02/04/2025 16:36,FGH 232L
PR-995089,02/03/2025 16:56,DEF 456Y
PR-995090,02/03/2025 08:58,VWX 222E
PR-995091,1/30/2025 08:43,VWX 222E
PR-995092,1/30/2025 08:40,UVW 787Q
PR-995095,02/03/2025 08:36,TUV 808H
PR-995096,1/30/2025 16:55,WXY 909I
PR-995098,1/31/2025 08:53,TUV 808H
PR-995099,1/31/2025 08:48,UVW 787Q
PR-995100,02/06/2025 08:39,VWX 222E
PR-995102,02/06/2025 16:47,WXY 112N
PR-995103,02/06/2025 16:49,WXY 909I
PR-995104,02/06/2025 16:38,TUV 000M
PR-995105,02/06/2025 08:42,UVW 787Q
PR-995106,02/06/2025 08:55,TUV 808H
PR-995107,02/07/2025 08:39,TUV 808H
PR-995109,02/06/2025 16:50,RST 676P
PR-995110,02/06/2025 16:36,QRS 999L
PR-995111,02/06/2025 16:40,QRS 707G
PR-995112,02/05/2025 16:53,WXY 112N
PR-995113,02/05/2025 16:41,WXY 909I
PR-995114,02/05/2025 08:36,TUV 808H
PR-995115,02/05/2025 08:45,UVW 787Q
PR-995116,02/05/2025 16:55,PQR 987C
PR-995117,02/05/2025 16:38,NOP 888K
PR-995118,02/05/2025 16:53,OPQ 565O
PR-995119,02/05/2025 16:53,NOP 606F
PR-995120,02/05/2025 16:58,MNO 654B
PR-995122,02/04/2025 16:39,WXY 909I
PR-995124,02/07/2025 08:58,VWX 222E
PR-995125,02/04/2025 16:44,WXY 112N
PR-995126,02/04/2025 08:48,VWX 222E
PR-995127,02/05/2025 08:49,VWX 222E
PR-995128,02/04/2025 08:53,UVW 787Q
PR-995129,02/04/2025 08:46,TUV 808H
PR-995130,02/10/2025 16:40,BCD 202B
PR-995131,02/10/2025 16:51,BCD 444G
PR-995132,02/04/2025 16:58,LMN 454N
PR-995133,02/10/2025 16:44,ABC 909S
PR-995134,02/04/2025 16:48,KLM 777J
PR-995135,02/10/2025 16:47,ABC 123X
PR-995136,02/04/2025 16:53,IJK 343M
PR-995137,02/10/2025 16:58,CDE 121K
PR-995138,02/04/2025 16:36,HIJ 666I
PR-995139,02/10/2025 16:55,CDE 334P
PR-995140,02/10/2025 16:47,DEF 020T
PR-995141,02/04/2025 16:34,KLM 505E
PR-995142,02/10/2025 16:51,DEF 456Y
PR-995143,02/04/2025 16:55,HIJ 404D
PR-995144,02/04/2025 16:55,GHI 789Z
PR-995145,02/10/2025 16:45,EFG 555H
PR-995147,02/10/2025 16:46,EFG 303C
PR-995148,02/11/2025 16:35,XYZ 898R
PR-995149,02/07/2025 08:50,UVW 787Q
PR-995150,02/04/2025 16:52,FGH 445Q
PR-995151,02/10/2025 08:46,TUV 808H
PR-995152,02/10/2025 08:39,UVW 787Q
PR-995154,02/10/2025 08:55,VWX 222E
PR-995155,02/11/2025 16:44,FGH 232L
PR-995156,02/11/2025 16:41,FGH 445Q
PR-995157,02/11/2025 16:47,GHI 789Z
PR-995158,02/11/2025 16:53,HIJ 404D
PR-995159,02/11/2025 16:55,IJK 343M
PR-995160,02/11/2025 16:56,HIJ 666I
PR-995161,02/11/2025 16:54,JKL 321A
PR-995162,02/11/2025 08:43,TUV 808H
PR-995163,02/11/2025 08:48,UVW 787Q
PR-995164,02/12/2025 16:47,MNO 654B
PR-995165,02/11/2025 16:35,WXY 909I
PR-995166,02/11/2025 16:49,WXY 112N
PR-995168,2/13/2025 16:42,TUV 000M
PR-995169,02/11/2025 08:44,VWX 222E
PR-995170,02/12/2025 16:52,NOP 888K
PR-995171,02/12/2025 16:53,NOP 606F
PR-995172,02/12/2025 16:44,PQR 987C
PR-995173,02/12/2025 16:53,OPQ 565O
PR-995174,02/12/2025 08:36,UVW 787Q
PR-995175,02/12/2025 08:41,TUV 808H
PR-995176,2/17/2025 16:35,ABC 909S
PR-995177,2/13/2025 08:55,TUV 808H
PR-995178,2/13/2025 08:49,VWX 222E
PR-995179,2/13/2025 08:39,UVW 787Q
PR-995180,02/12/2025 16:53,WXY 112N
PR-995181,02/12/2025 08:54,VWX 222E
PR-995183,02/12/2025 16:47,WXY 909I
PR-995184,2/13/2025 16:40,WXY 112N
PR-995185,2/13/2025 16:35,QRS 707G
PR-995186,2/13/2025 16:57,QRS 999L
PR-995188,2/13/2025 16:55,STU 111D
PR-995189,2/14/2025 08:55,TUV 808H
PR-995190,2/13/2025 16:55,WXY 909I
PR-995191,2/14/2025 08:36,UVW 787Q
PR-995192,2/14/2025 08:40,VWX 222E
PR-995193,2/17/2025 16:34,ABC 123X
PR-995195,2/17/2025 16:50,CDE 334P
PR-995196,2/17/2025 16:43,BCD 444G
PR-995197,2/17/2025 16:40,BCD 202B
PR-995198,2/18/2025 16:58,XYZ 898R
PR-995199,2/18/2025 08:49,TUV 808H
PR-995201,2/18/2025 08:54,UVW 787Q
PR-995202,2/19/2025 16:38,MNO 654B
PR-995203,2/17/2025 16:46,CDE 121K
PR-995204,2/18/2025 16:48,WXY 112N
PR-995206,2/17/2025 16:58,DEF 020T
PR-995207,2/19/2025 16:51,NOP 606F
PR-995208,2/18/2025 08:56,VWX 222E
PR-995209,2/17/2025 16:49,DEF 456Y
PR-995210,2/18/2025 16:56,WXY 909I
PR-995211,2/17/2025 16:56,EFG 303C
PR-995212,2/17/2025 08:46,TUV 808H
PR-995213,2/17/2025 16:58,EFG 555H
PR-995214,2/17/2025 08:35,UVW 787Q
PR-995215,2/19/2025 08:53,UVW 787Q
PR-995216,2/19/2025 08:49,VWX 222E
PR-995217,2/18/2025 16:42,FGH 232L
PR-995218,2/17/2025 08:39,VWX 222E
PR-995219,2/19/2025 08:41,TUV 808H
PR-995221,2/18/2025 16:42,GHI 789Z
PR-995222,2/18/2025 16:37,HIJ 404D
PR-995223,2/19/2025 16:42,PQR 987C
PR-995224,2/18/2025 16:42,FGH 445Q
PR-995225,2/18/2025 16:36,KLM 505E
PR-995226,2/18/2025 16:58,HIJ 666I
PR-995227,2/18/2025 16:55,IJK 343M
PR-995228,2/19/2025 16:58,OPQ 565O
PR-995229,2/19/2025 16:58,NOP 888K
PR-995230,2/24/2025 16:34,BCD 444G
PR-995231,2/24/2025 16:41,ABC 909S
PR-995232,2/24/2025 16:44,DEF 020T
PR-995233,2/24/2025 16:37,EFG 303C
PR-995234,2/24/2025 16:51,DEF 456Y
PR-995235,2/24/2025 16:34,BCD 202B
PR-995236,2/24/2025 16:42,CDE 121K
PR-995237,2/21/2025 08:39,VWX 222E
PR-995239,2/21/2025 08:34,UVW 787Q
PR-995242,2/21/2025 08:40,TUV 808H
PR-995243,2/20/2025 08:55,VWX 222E
PR-995244,2/20/2025 16:47,WXY 909I
PR-995245,2/20/2025 16:44,WXY 112N
PR-995246,2/20/2025 08:45,UVW 787Q
PR-995247,2/20/2025 08:38,TUV 808H
PR-995248,2/20/2025 16:42,TUV 000M
PR-995249,2/24/2025 16:35,CDE 334P
PR-995250,2/20/2025 16:45,STU 111D
PR-995251,2/20/2025 16:50,RST 676P
PR-995253,2/24/2025 16:34,ABC 123X
PR-995254,2/20/2025 16:43,QRS 999L
PR-995255,2/24/2025 08:44,VWX 222E
PR-995256,2/24/2025 08:38,TUV 808H
PR-995257,2/24/2025 16:58,EFG 555H
PR-995258,2/24/2025 08:39,UVW 787Q
PR-995259,2/20/2025 16:48,QRS 707G
PR-995262,2/19/2025 16:51,WXY 909I
PR-995263,2/19/2025 16:36,WXY 112N
PR-995264,2/25/2025 16:58,GHI 789Z
PR-995265,2/25/2025 16:41,HIJ 666I
PR-995266,2/25/2025 16:54,HIJ 404D
PR-995267,2/25/2025 16:43,FGH 445Q
PR-995268,2/26/2025 16:38,WXY 112N
PR-995269,2/26/2025 08:47,UVW 787Q
PR-995270,2/26/2025 16:44,PQR 987C
PR-995271,2/26/2025 16:40,NOP 888K
PR-995272,2/26/2025 08:53,VWX 222E
PR-995273,2/26/2025 08:49,TUV 808H
PR-995274,2/25/2025 16:43,JKL 321A
PR-995275,2/26/2025 16:42,OPQ 565O
PR-995276,2/25/2025 16:36,KLM 505E
PR-995277,2/26/2025 16:48,NOP 606F
PR-995278,2/25/2025 08:41,UVW 787Q
PR-995279,2/26/2025 16:51,MNO 654B
PR-995280,2/25/2025 08:53,VWX 222E
PR-995281,2/25/2025 08:58,TUV 808H
PR-995284,2/25/2025 16:57,XYZ 898R
PR-995287,2/25/2025 16:39,WXY 909I
PR-995288,2/26/2025 16:43,WXY 909I
PR-995290,2/27/2025 16:53,QRS 707G
PR-995291,2/28/2025 08:37,VWX 222E
PR-995292,2/25/2025 16:54,WXY 112N
PR-995293,2/28/2025 08:34,TUV 808H
PR-995294,2/27/2025 16:51,STU 111D
PR-995295,2/27/2025 16:47,RST 676P
PR-995296,2/27/2025 16:52,TUV 000M
PR-995297,2/27/2025 16:36,QRS 999L
PR-995298,2/27/2025 08:44,TUV 808H
PR-995299,2/27/2025 08:42,UVW 787Q
PR-995302,2/27/2025 08:43,VWX 222E
PR-995303,2/27/2025 16:44,WXY 112N
PR-995304,2/28/2025 08:50,UVW 787Q
PR-995305,2/27/2025 16:35,WXY 909I
PR-995311,2/18/2025 16:46,YZA 333F
PR-995312,02/11/2025 16:47,YZA 333F
PR-995313,2/25/2025 16:56,YZA 333F
