ParkingInspectionName,Vehicle,InspectionDateTime,ParkingRequest
Insp-994050,ABC 123X,09/02/2024 17:00,PR-994057
Insp-994051,ABC 909S,09/02/2024 17:00,PR-994055
Insp-994052,BCD 202B,09/02/2024 17:00,PR-994054
Insp-994053,BCD 444G,09/02/2024 17:00,PR-994066
Insp-994054,CDE 121K,09/02/2024 17:00,PR-994053
Insp-994055,CDE 334P,09/02/2024 17:00,PR-994052
Insp-994056,DEF 020T,09/02/2024 17:00,PR-994056
Insp-994057,DEF 456Y,09/02/2024 17:00,PR-994058
Insp-994058,EFG 303C,09/02/2024 17:00,PR-994059
Insp-994059,EFG 555H,09/02/2024 17:00,PR-994061
Insp-994060,TUV 808H,09/02/2024 17:00,PR-994084
Insp-994061,UVW 787Q,09/02/2024 17:00,PR-994063
Insp-994062,VWX 222E,09/02/2024 17:00,PR-994065
Insp-994063,WXY 112N,09/02/2024 17:00,PR-994060
Insp-994064,WXY 909I,09/02/2024 17:00,PR-994062
Insp-994065,FGH 232L,09/03/2024 17:00,PR-994064
Insp-994066,FGH 445Q,09/03/2024 17:00,PR-994067
Insp-994067,GHI 789Z,09/03/2024 17:00,PR-994068
Insp-994068,HIJ 404D,09/03/2024 17:00,PR-994070
Insp-994069,HIJ 666I,09/03/2024 17:00,PR-994069
Insp-994070,IJK 343M,09/03/2024 17:00,PR-994071
Insp-994071,JKL 321A,09/03/2024 17:00,PR-994072
Insp-994072,KLM 505E,09/03/2024 17:00,PR-994073
Insp-994073,KLM 777J,09/03/2024 17:00,PR-994074
Insp-994074,LMN 454N,09/03/2024 17:00,PR-994079
Insp-994075,TUV 808H,09/03/2024 17:00,PR-994075
Insp-994076,UVW 787Q,09/03/2024 17:00,PR-994082
Insp-994077,VWX 222E,09/03/2024 17:00,PR-994076
Insp-994078,WXY 112N,09/03/2024 17:00,PR-994077
Insp-994079,WXY 909I,09/03/2024 17:00,PR-994078
Insp-994080,MNO 654B,09/04/2024 17:00,PR-994081
Insp-994081,NOP 606F,09/04/2024 17:00,PR-994080
Insp-994082,NOP 888K,09/04/2024 17:00,PR-994085
Insp-994083,OPQ 565O,09/04/2024 17:00,PR-994083
Insp-994084,PQR 987C,09/04/2024 17:00,PR-994087
Insp-994085,TUV 808H,09/04/2024 17:00,PR-994094
Insp-994086,UVW 787Q,09/04/2024 17:00,PR-994086
Insp-994087,VWX 222E,09/04/2024 17:00,PR-994092
Insp-994088,WXY 112N,09/04/2024 17:00,PR-994089
Insp-994089,WXY 909I,09/04/2024 17:00,PR-994090
Insp-994090,QRS 707G,09/05/2024 17:00,PR-994091
Insp-994091,QRS 999L,09/05/2024 17:00,PR-994088
Insp-994092,RST 676P,09/05/2024 17:00,PR-994093
Insp-994093,STU 111D,09/05/2024 17:00,PR-994095
Insp-994094,TUV 000M,09/05/2024 17:00,PR-994096
Insp-994095,TUV 808H,09/05/2024 17:00,PR-994100
Insp-994096,UVW 787Q,09/05/2024 17:00,PR-994098
Insp-994097,VWX 222E,09/05/2024 17:00,PR-994101
Insp-994098,WXY 112N,09/05/2024 17:00,PR-994097
Insp-994099,WXY 909I,09/05/2024 17:00,PR-994103
Insp-994100,TUV 808H,09/06/2024 17:00,PR-994099
Insp-994101,UVW 787Q,09/06/2024 17:00,PR-994102
Insp-994102,VWX 222E,09/06/2024 17:00,PR-994104
Insp-994103,ABC 123X,09/09/2024 17:00,PR-994105
Insp-994104,ABC 909S,09/09/2024 17:00,PR-994107
Insp-994105,BCD 202B,09/09/2024 17:00,PR-994108
Insp-994106,BCD 444G,09/09/2024 17:00,PR-994106
Insp-994107,CDE 121K,09/09/2024 17:00,PR-994109
Insp-994108,CDE 334P,09/09/2024 17:00,PR-994117
Insp-994109,DEF 020T,09/09/2024 17:00,PR-994110
Insp-994110,DEF 456Y,09/09/2024 17:00,PR-994114
Insp-994111,EFG 303C,09/09/2024 17:00,PR-994113
Insp-994112,EFG 555H,09/09/2024 17:00,PR-994112
Insp-994113,TUV 808H,09/09/2024 17:00,PR-994111
Insp-994114,UVW 787Q,09/09/2024 17:00,PR-994115
Insp-994115,VWX 222E,09/09/2024 17:00,PR-994116
Insp-994116,FGH 232L,09/10/2024 17:00,PR-994120
Insp-994117,FGH 445Q,09/10/2024 17:00,PR-994118
Insp-994118,GHI 789Z,09/10/2024 17:00,PR-994122
Insp-994119,HIJ 404D,09/10/2024 17:00,PR-994119
Insp-994120,HIJ 666I,09/10/2024 17:00,PR-994121
Insp-994121,IJK 343M,09/10/2024 17:00,PR-994124
Insp-994122,JKL 321A,09/10/2024 17:00,PR-994123
Insp-994123,KLM 505E,09/10/2024 17:00,PR-994125
Insp-994124,KLM 777J,09/10/2024 17:00,PR-994126
Insp-994125,LMN 454N,09/10/2024 17:00,PR-994127
Insp-994126,TUV 808H,09/10/2024 17:00,PR-994128
Insp-994127,UVW 787Q,09/10/2024 17:00,PR-994129
Insp-994128,VWX 222E,09/10/2024 17:00,PR-994130
Insp-994129,WXY 112N,09/10/2024 17:00,PR-994131
Insp-994130,WXY 909I,09/10/2024 17:00,PR-994132
Insp-994131,MNO 654B,09/11/2024 17:00,PR-994133
Insp-994132,NOP 606F,09/11/2024 17:00,PR-994138
Insp-994133,NOP 888K,09/11/2024 17:00,PR-994134
Insp-994134,OPQ 565O,09/11/2024 17:00,PR-994135
Insp-994135,PQR 987C,09/11/2024 17:00,PR-994136
Insp-994136,TUV 808H,09/11/2024 17:00,PR-994137
Insp-994137,UVW 787Q,09/11/2024 17:00,PR-994139
Insp-994138,VWX 222E,09/11/2024 17:00,PR-994140
Insp-994139,WXY 112N,09/11/2024 17:00,PR-994141
Insp-994140,WXY 909I,09/11/2024 17:00,PR-994142
Insp-994141,QRS 707G,09/12/2024 17:00,PR-994145
Insp-994142,QRS 999L,09/12/2024 17:00,PR-994155
Insp-994143,RST 676P,09/12/2024 17:00,PR-994158
Insp-994144,STU 111D,09/12/2024 17:00,PR-994161
Insp-994145,TUV 000M,09/12/2024 17:00,PR-994208
Insp-994146,TUV 808H,09/12/2024 17:00,PR-994176
Insp-994147,UVW 787Q,09/12/2024 17:00,PR-994197
Insp-994148,VWX 222E,09/12/2024 17:00,PR-994215
Insp-994149,WXY 112N,09/12/2024 17:00,PR-994220
Insp-994150,WXY 909I,09/12/2024 17:00,PR-994240
Insp-994151,TUV 808H,9/13/2024 17:00,PR-994241
Insp-994152,UVW 787Q,9/13/2024 17:00,PR-994255
Insp-994153,VWX 222E,9/13/2024 17:00,PR-994143
Insp-994154,ABC 123X,9/16/2024 17:00,PR-994146
Insp-994155,ABC 909S,9/16/2024 17:00,PR-994151
Insp-994156,BCD 202B,9/16/2024 17:00,PR-994150
Insp-994157,BCD 444G,9/16/2024 17:00,PR-994148
Insp-994158,CDE 121K,9/16/2024 17:00,PR-994149
Insp-994159,CDE 334P,9/16/2024 17:00,PR-994147
Insp-994160,DEF 020T,9/16/2024 17:00,PR-994152
Insp-994161,DEF 456Y,9/16/2024 17:00,PR-994153
Insp-994162,EFG 303C,9/16/2024 17:00,PR-994154
Insp-994163,EFG 555H,9/16/2024 17:00,PR-994159
Insp-994164,TUV 808H,9/16/2024 17:00,PR-994156
Insp-994165,UVW 787Q,9/16/2024 17:00,PR-994157
Insp-994166,VWX 222E,9/16/2024 17:00,PR-994163
Insp-994167,FGH 445Q,9/17/2024 17:00,PR-994160
Insp-994168,GHI 789Z,9/17/2024 17:00,PR-994162
Insp-994169,HIJ 404D,9/17/2024 17:00,PR-994165
Insp-994170,HIJ 666I,9/17/2024 17:00,PR-994166
Insp-994171,IJK 343M,9/17/2024 17:00,PR-994164
Insp-994172,JKL 321A,9/17/2024 17:00,PR-994144
Insp-994173,KLM 505E,9/17/2024 17:00,PR-994167
Insp-994174,KLM 777J,9/17/2024 17:00,PR-994168
Insp-994175,LMN 454N,9/17/2024 17:00,PR-994171
Insp-994176,TUV 808H,9/17/2024 17:00,PR-994169
Insp-994177,UVW 787Q,9/17/2024 17:00,PR-994172
Insp-994178,VWX 222E,9/17/2024 17:00,PR-994170
Insp-994179,WXY 112N,9/17/2024 17:00,PR-994173
Insp-994180,WXY 909I,9/17/2024 17:00,PR-994174
Insp-994181,MNO 654B,9/18/2024 17:00,PR-994177
Insp-994182,NOP 606F,9/18/2024 17:00,PR-994178
Insp-994183,NOP 888K,9/18/2024 17:00,PR-994184
Insp-994184,OPQ 565O,9/18/2024 17:00,PR-994182
Insp-994185,PQR 987C,9/18/2024 17:00,PR-994181
Insp-994186,TUV 808H,9/18/2024 17:00,PR-994183
Insp-994187,UVW 787Q,9/18/2024 17:00,PR-994188
Insp-994188,VWX 222E,9/18/2024 17:00,PR-994214
Insp-994189,WXY 112N,9/18/2024 17:00,PR-994194
Insp-994190,WXY 909I,9/18/2024 17:00,PR-994203
Insp-994191,QRS 707G,9/19/2024 17:00,PR-994201
Insp-994192,QRS 999L,9/19/2024 17:00,PR-994202
Insp-994193,RST 676P,9/19/2024 17:00,PR-994200
Insp-994194,STU 111D,9/19/2024 17:00,PR-994204
Insp-994195,TUV 000M,9/19/2024 17:00,PR-994205
Insp-994196,TUV 808H,9/19/2024 17:00,PR-994210
Insp-994197,UVW 787Q,9/19/2024 17:00,PR-994207
Insp-994198,VWX 222E,9/19/2024 17:00,PR-994209
Insp-994199,WXY 112N,9/19/2024 17:00,PR-994213
Insp-994200,WXY 909I,9/19/2024 17:00,PR-994216
Insp-994201,TUV 808H,9/20/2024 17:00,PR-994222
Insp-994202,UVW 787Q,9/20/2024 17:00,PR-994225
Insp-994203,VWX 222E,9/20/2024 17:00,PR-994224
Insp-994204,ABC 123X,9/23/2024 17:00,PR-994231
Insp-994205,ABC 909S,9/23/2024 17:00,PR-994223
Insp-994206,BCD 202B,9/23/2024 17:00,PR-994233
Insp-994207,BCD 444G,9/23/2024 17:00,PR-994230
Insp-994208,CDE 121K,9/23/2024 17:00,PR-994232
Insp-994209,CDE 334P,9/23/2024 17:00,PR-994237
Insp-994210,DEF 020T,9/23/2024 17:00,PR-994238
Insp-994211,DEF 456Y,9/23/2024 17:00,PR-994245
Insp-994212,EFG 303C,9/23/2024 17:00,PR-994239
Insp-994213,EFG 555H,9/23/2024 17:00,PR-994246
Insp-994214,TUV 808H,9/23/2024 17:00,PR-994243
Insp-994215,UVW 787Q,9/23/2024 17:00,PR-994247
Insp-994216,VWX 222E,9/23/2024 17:00,PR-994250
Insp-994217,FGH 232L,9/24/2024 17:00,PR-994248
Insp-994218,FGH 445Q,9/24/2024 17:00,PR-994249
Insp-994219,GHI 789Z,9/24/2024 17:00,PR-994254
Insp-994220,HIJ 404D,9/24/2024 17:00,PR-994251
Insp-994221,HIJ 666I,9/24/2024 17:00,PR-994257
Insp-994222,IJK 343M,9/24/2024 17:00,PR-994259
Insp-994223,JKL 321A,9/24/2024 17:00,PR-994253
Insp-994224,KLM 505E,9/24/2024 17:00,PR-994260
Insp-994225,KLM 777J,9/24/2024 17:00,PR-994263
Insp-994226,LMN 454N,9/24/2024 17:00,PR-994265
Insp-994227,TUV 808H,9/24/2024 17:00,PR-994262
Insp-994228,UVW 787Q,9/24/2024 17:00,PR-994264
Insp-994229,VWX 222E,9/24/2024 17:00,PR-994267
Insp-994230,WXY 112N,9/24/2024 17:00,PR-994272
Insp-994231,WXY 909I,9/24/2024 17:00,PR-994185
Insp-994232,MNO 654B,9/25/2024 17:00,PR-994192
Insp-994233,NOP 606F,9/25/2024 17:00,PR-994187
Insp-994234,NOP 888K,9/25/2024 17:00,PR-994175
Insp-994235,OPQ 565O,9/25/2024 17:00,PR-994180
Insp-994236,PQR 987C,9/25/2024 17:00,PR-994179
Insp-994237,TUV 808H,9/25/2024 17:00,PR-994191
Insp-994238,UVW 787Q,9/25/2024 17:00,PR-994186
Insp-994239,VWX 222E,9/25/2024 17:00,PR-994190
Insp-994240,WXY 112N,9/25/2024 17:00,PR-994189
Insp-994241,WXY 909I,9/25/2024 17:00,PR-994193
Insp-994242,QRS 707G,9/26/2024 17:00,PR-994195
Insp-994243,QRS 999L,9/26/2024 17:00,PR-994199
Insp-994244,RST 676P,9/26/2024 17:00,PR-994196
Insp-994245,STU 111D,9/26/2024 17:00,PR-994198
Insp-994246,TUV 000M,9/26/2024 17:00,PR-994206
Insp-994247,TUV 808H,9/26/2024 17:00,PR-994212
Insp-994248,UVW 787Q,9/26/2024 17:00,PR-994211
Insp-994249,VWX 222E,9/26/2024 17:00,PR-994217
Insp-994250,WXY 112N,9/26/2024 17:00,PR-994221
Insp-994251,WXY 909I,9/26/2024 17:00,PR-994218
Insp-994252,TUV 808H,9/27/2024 17:00,PR-994229
Insp-994253,UVW 787Q,9/27/2024 17:00,PR-994219
Insp-994254,VWX 222E,9/27/2024 17:00,PR-994226
Insp-994255,ABC 123X,9/30/2024 17:00,PR-994227
Insp-994256,ABC 909S,9/30/2024 17:00,PR-994228
Insp-994257,BCD 202B,9/30/2024 17:00,PR-994234
Insp-994258,BCD 444G,9/30/2024 17:00,PR-994235
Insp-994259,CDE 121K,9/30/2024 17:00,PR-994242
Insp-994260,CDE 334P,9/30/2024 17:00,PR-994236
Insp-994261,DEF 020T,9/30/2024 17:00,PR-994244
Insp-994262,DEF 456Y,9/30/2024 17:00,PR-994256
Insp-994263,EFG 303C,9/30/2024 17:00,PR-994266
Insp-994264,EFG 555H,9/30/2024 17:00,PR-994252
Insp-994265,TUV 808H,9/30/2024 17:00,PR-994258
Insp-994266,UVW 787Q,9/30/2024 17:00,PR-994261
Insp-994267,VWX 222E,9/30/2024 17:00,PR-994268
Insp-994268,ZAB 010J,9/30/2024 17:00,PR-994269
Insp-994269,FGH 232L,10/01/2024 17:00,PR-994270
Insp-994270,FGH 445Q,10/01/2024 17:00,PR-994271
Insp-994271,GHI 789Z,10/01/2024 17:00,PR-994273
Insp-994272,HIJ 404D,10/01/2024 17:00,PR-994274
Insp-994273,HIJ 666I,10/01/2024 17:00,PR-994275
Insp-994274,IJK 343M,10/01/2024 17:00,PR-994276
Insp-994275,JKL 321A,10/01/2024 17:00,PR-994278
Insp-994276,KLM 505E,10/01/2024 17:00,PR-994279
Insp-994277,KLM 777J,10/01/2024 17:00,PR-994280
Insp-994278,LMN 454N,10/01/2024 17:00,PR-994277
Insp-994279,TUV 808H,10/01/2024 17:00,PR-994282
Insp-994280,UVW 787Q,10/01/2024 17:00,PR-994281
Insp-994281,VWX 222E,10/01/2024 17:00,PR-994283
Insp-994282,WXY 112N,10/01/2024 17:00,PR-994284
Insp-994283,WXY 909I,10/01/2024 17:00,PR-994285
Insp-994284,MNO 654B,10/02/2024 17:00,PR-994286
Insp-994285,NOP 606F,10/02/2024 17:00,PR-994287
Insp-994286,NOP 888K,10/02/2024 17:00,PR-994288
Insp-994287,OPQ 565O,10/02/2024 17:00,PR-994289
Insp-994288,PQR 987C,10/02/2024 17:00,PR-994290
Insp-994289,TUV 808H,10/02/2024 17:00,PR-994292
Insp-994290,UVW 787Q,10/02/2024 17:00,PR-994291
Insp-994291,VWX 222E,10/02/2024 17:00,PR-994293
Insp-994292,WXY 112N,10/02/2024 17:00,PR-994294
Insp-994293,WXY 909I,10/02/2024 17:00,PR-994295
Insp-994294,QRS 707G,10/03/2024 17:00,PR-994300
Insp-994295,QRS 999L,10/03/2024 17:00,PR-994303
Insp-994296,RST 676P,10/03/2024 17:00,PR-994312
Insp-994297,TUV 000M,10/03/2024 17:00,PR-994336
Insp-994298,TUV 808H,10/03/2024 17:00,PR-994354
Insp-994299,UVW 787Q,10/03/2024 17:00,PR-994371
Insp-994300,VWX 222E,10/03/2024 17:00,PR-994393
Insp-994301,WXY 112N,10/03/2024 17:00,PR-994298
Insp-994302,WXY 909I,10/03/2024 17:00,PR-994297
Insp-994303,ZAB 010J,10/03/2024 17:00,PR-994304
Insp-994304,TUV 808H,10/04/2024 17:00,PR-994301
Insp-994305,UVW 787Q,10/04/2024 17:00,PR-994296
Insp-994306,VWX 222E,10/04/2024 17:00,PR-994299
Insp-994307,ABC 123X,10/07/2024 17:00,PR-994302
Insp-994308,ABC 909S,10/07/2024 17:00,PR-994307
Insp-994309,BCD 202B,10/07/2024 17:00,PR-994305
Insp-994310,BCD 444G,10/07/2024 17:00,PR-994306
Insp-994311,CDE 121K,10/07/2024 17:00,PR-994308
Insp-994312,CDE 334P,10/07/2024 17:00,PR-994309
Insp-994313,DEF 020T,10/07/2024 17:00,PR-994313
Insp-994314,DEF 456Y,10/07/2024 17:00,PR-994310
Insp-994315,EFG 303C,10/07/2024 17:00,PR-994311
Insp-994316,EFG 555H,10/07/2024 17:00,PR-994314
Insp-994317,TUV 808H,10/07/2024 17:00,PR-994315
Insp-994318,UVW 787Q,10/07/2024 17:00,PR-994316
Insp-994319,VWX 222E,10/07/2024 17:00,PR-994318
Insp-994320,ZAB 010J,10/07/2024 17:00,
Insp-994321,FGH 232L,10/08/2024 17:00,PR-994319
Insp-994322,FGH 445Q,10/08/2024 17:00,PR-994322
Insp-994323,GHI 789Z,10/08/2024 17:00,PR-994321
Insp-994324,HIJ 404D,10/08/2024 17:00,PR-994320
Insp-994325,HIJ 666I,10/08/2024 17:00,PR-994324
Insp-994326,IJK 343M,10/08/2024 17:00,PR-994323
Insp-994327,JKL 321A,10/08/2024 17:00,PR-994329
Insp-994328,KLM 505E,10/08/2024 17:00,PR-994326
Insp-994329,KLM 777J,10/08/2024 17:00,PR-994327
Insp-994330,LMN 454N,10/08/2024 17:00,PR-994325
Insp-994331,TUV 808H,10/08/2024 17:00,PR-994328
Insp-994332,UVW 787Q,10/08/2024 17:00,PR-994343
Insp-994333,VWX 222E,10/08/2024 17:00,PR-994335
Insp-994334,WXY 112N,10/08/2024 17:00,PR-994332
Insp-994335,WXY 909I,10/08/2024 17:00,PR-994334
Insp-994336,MNO 654B,10/09/2024 17:00,PR-994342
Insp-994337,NOP 606F,10/09/2024 17:00,PR-994345
Insp-994338,NOP 888K,10/09/2024 17:00,PR-994346
Insp-994339,OPQ 565O,10/09/2024 17:00,PR-994341
Insp-994340,PQR 987C,10/09/2024 17:00,PR-994344
Insp-994341,TUV 808H,10/09/2024 17:00,PR-994347
Insp-994342,UVW 787Q,10/09/2024 17:00,PR-994362
Insp-994343,VWX 222E,10/09/2024 17:00,PR-994353
Insp-994344,WXY 112N,10/09/2024 17:00,PR-994351
Insp-994345,WXY 909I,10/09/2024 17:00,PR-994357
Insp-994346,QRS 707G,10/10/2024 17:00,PR-994355
Insp-994347,QRS 999L,10/10/2024 17:00,PR-994358
Insp-994348,RST 676P,10/10/2024 17:00,PR-994361
Insp-994349,STU 111D,10/10/2024 17:00,PR-994365
Insp-994350,TUV 000M,10/10/2024 17:00,PR-994364
Insp-994351,TUV 808H,10/10/2024 17:00,PR-994367
Insp-994352,UVW 787Q,10/10/2024 17:00,PR-994368
Insp-994353,VWX 222E,10/10/2024 17:00,PR-994370
Insp-994354,WXY 112N,10/10/2024 17:00,PR-994373
Insp-994355,WXY 909I,10/10/2024 17:00,PR-994377
Insp-994356,ZAB 010J,10/10/2024 17:00,
Insp-994357,TUV 808H,10/11/2024 17:00,PR-994379
Insp-994358,UVW 787Q,10/11/2024 17:00,PR-994384
Insp-994359,VWX 222E,10/11/2024 17:00,PR-994385
Insp-994360,ABC 123X,10/14/2024 17:00,PR-994387
Insp-994361,ABC 909S,10/14/2024 17:00,PR-994389
Insp-994362,BCD 202B,10/14/2024 17:00,PR-994394
Insp-994363,BCD 444G,10/14/2024 17:00,PR-994391
Insp-994364,CDE 121K,10/14/2024 17:00,PR-994395
Insp-994365,CDE 334P,10/14/2024 17:00,PR-994333
Insp-994366,DEF 020T,10/14/2024 17:00,PR-994337
Insp-994367,DEF 456Y,10/14/2024 17:00,PR-994340
Insp-994368,EFG 303C,10/14/2024 17:00,PR-994331
Insp-994369,EFG 555H,10/14/2024 17:00,PR-994338
Insp-994370,TUV 808H,10/14/2024 17:00,PR-994339
Insp-994371,UVW 787Q,10/14/2024 17:00,PR-994330
Insp-994372,VWX 222E,10/14/2024 17:00,PR-994397
Insp-994373,ZAB 010J,10/14/2024 17:00,
Insp-994374,FGH 445Q,10/15/2024 17:00,PR-994348
Insp-994375,GHI 789Z,10/15/2024 17:00,PR-994349
Insp-994376,HIJ 404D,10/15/2024 17:00,PR-994352
Insp-994377,HIJ 666I,10/15/2024 17:00,PR-994356
Insp-994378,IJK 343M,10/15/2024 17:00,PR-994360
Insp-994379,JKL 321A,10/15/2024 17:00,PR-994359
Insp-994380,KLM 505E,10/15/2024 17:00,PR-994363
Insp-994381,KLM 777J,10/15/2024 17:00,PR-994366
Insp-994382,LMN 454N,10/15/2024 17:00,PR-994369
Insp-994383,TUV 808H,10/15/2024 17:00,PR-994374
Insp-994384,UVW 787Q,10/15/2024 17:00,PR-994372
Insp-994385,VWX 222E,10/15/2024 17:00,PR-994383
Insp-994386,WXY 112N,10/15/2024 17:00,PR-994376
Insp-994387,WXY 909I,10/15/2024 17:00,PR-994378
Insp-994388,MNO 654B,10/16/2024 17:00,PR-994382
Insp-994389,NOP 606F,10/16/2024 17:00,PR-994388
Insp-994390,NOP 888K,10/16/2024 17:00,PR-994400
Insp-994391,OPQ 565O,10/16/2024 17:00,PR-994380
Insp-994392,PQR 987C,10/16/2024 17:00,PR-994386
Insp-994393,TUV 808H,10/16/2024 17:00,PR-994381
Insp-994394,UVW 787Q,10/16/2024 17:00,PR-994390
Insp-994395,VWX 222E,10/16/2024 17:00,PR-994392
Insp-994396,WXY 112N,10/16/2024 17:00,PR-994399
Insp-994397,WXY 909I,10/16/2024 17:00,PR-994396
Insp-994398,QRS 707G,10/17/2024 17:00,PR-994398
Insp-994399,QRS 999L,10/17/2024 17:00,PR-994403
Insp-994400,RST 676P,10/17/2024 17:00,PR-994401
Insp-994401,STU 111D,10/17/2024 17:00,PR-994402
Insp-994402,TUV 000M,10/17/2024 17:00,PR-994404
Insp-994403,TUV 808H,10/17/2024 17:00,PR-994405
Insp-994404,UVW 787Q,10/17/2024 17:00,PR-994410
Insp-994405,VWX 222E,10/17/2024 17:00,PR-994419
Insp-994406,WXY 112N,10/17/2024 17:00,PR-994407
Insp-994407,WXY 909I,10/17/2024 17:00,PR-994406
Insp-994408,ZAB 010J,10/17/2024 17:00,
Insp-994409,TUV 808H,10/18/2024 17:00,PR-994409
Insp-994410,UVW 787Q,10/18/2024 17:00,PR-994411
Insp-994411,VWX 222E,10/18/2024 17:00,PR-994412
Insp-994412,ABC 123X,10/21/2024 17:00,PR-994413
Insp-994413,ABC 909S,10/21/2024 17:00,PR-994414
Insp-994414,BCD 202B,10/21/2024 17:00,PR-994415
Insp-994415,BCD 444G,10/21/2024 17:00,PR-994416
Insp-994416,CDE 121K,10/21/2024 17:00,PR-994417
Insp-994417,CDE 334P,10/21/2024 17:00,PR-994418
Insp-994418,DEF 020T,10/21/2024 17:00,PR-994422
Insp-994419,DEF 456Y,10/21/2024 17:00,PR-994421
Insp-994420,EFG 303C,10/21/2024 17:00,PR-994420
Insp-994421,EFG 555H,10/21/2024 17:00,PR-994423
Insp-994422,TUV 808H,10/21/2024 17:00,PR-994425
Insp-994423,UVW 787Q,10/21/2024 17:00,PR-994430
Insp-994424,VWX 222E,10/21/2024 17:00,PR-994424
Insp-994425,ZAB 010J,10/21/2024 17:00,
Insp-994426,FGH 445Q,10/22/2024 17:00,PR-994426
Insp-994427,GHI 789Z,10/22/2024 17:00,PR-994427
Insp-994428,HIJ 404D,10/22/2024 17:00,PR-994431
Insp-994429,HIJ 666I,10/22/2024 17:00,PR-994429
Insp-994430,IJK 343M,10/22/2024 17:00,PR-994432
Insp-994431,JKL 321A,10/22/2024 17:00,PR-994433
Insp-994432,KLM 505E,10/22/2024 17:00,PR-994434
Insp-994433,KLM 777J,10/22/2024 17:00,PR-994440
Insp-994434,LMN 454N,10/22/2024 17:00,PR-994435
Insp-994435,TUV 808H,10/22/2024 17:00,PR-994437
Insp-994436,UVW 787Q,10/22/2024 17:00,PR-994436
Insp-994437,VWX 222E,10/22/2024 17:00,PR-994439
Insp-994438,WXY 112N,10/22/2024 17:00,PR-994438
Insp-994439,WXY 909I,10/22/2024 17:00,PR-994442
Insp-994440,MNO 654B,10/23/2024 17:00,
Insp-994441,NOP 606F,10/23/2024 17:00,
Insp-994442,NOP 888K,10/23/2024 17:00,
Insp-994443,OPQ 565O,10/23/2024 17:00,
Insp-994444,PQR 987C,10/23/2024 17:00,
Insp-994445,TUV 808H,10/23/2024 17:00,
Insp-994446,UVW 787Q,10/23/2024 17:00,
Insp-994448,WXY 112N,10/23/2024 17:00,
Insp-994449,WXY 909I,10/23/2024 17:00,
Insp-994450,FGH 232L,10/24/2024 17:00,
Insp-994451,FGH 445Q,10/24/2024 17:00,
Insp-994452,GHI 789Z,10/24/2024 17:00,
Insp-994453,HIJ 404D,10/24/2024 17:00,
Insp-994454,HIJ 666I,10/24/2024 17:00,
Insp-994455,IJK 343M,10/24/2024 17:00,
Insp-994456,JKL 321A,10/24/2024 17:00,
Insp-994457,KLM 505E,10/24/2024 17:00,
Insp-994458,KLM 777J,10/24/2024 17:00,
Insp-994459,LMN 454N,10/24/2024 17:00,
Insp-994460,QRS 707G,10/24/2024 17:00,
Insp-994461,QRS 999L,10/24/2024 17:00,
Insp-994462,RST 676P,10/24/2024 17:00,
Insp-994463,STU 111D,10/24/2024 17:00,
Insp-994464,ZAB 010J,10/24/2024 17:00,
Insp-994465,TUV 808H,10/25/2024 17:00,PR-994494
Insp-994466,UVW 787Q,10/25/2024 17:00,PR-994498
Insp-994467,VWX 222E,10/25/2024 17:00,PR-994493
Insp-994468,ABC 123X,10/28/2024 17:00,PR-994509
Insp-994469,ABC 909S,10/28/2024 17:00,PR-994508
Insp-994470,BCD 202B,10/28/2024 17:00,PR-994513
Insp-994471,BCD 444G,10/28/2024 17:00,PR-994506
Insp-994472,CDE 121K,10/28/2024 17:00,PR-994526
Insp-994473,CDE 334P,10/28/2024 17:00,PR-994516
Insp-994474,DEF 020T,10/28/2024 17:00,PR-994528
Insp-994475,DEF 456Y,10/28/2024 17:00,PR-994522
Insp-994476,EFG 303C,10/28/2024 17:00,PR-994520
Insp-994477,EFG 555H,10/28/2024 17:00,PR-994519
Insp-994478,TUV 808H,10/28/2024 17:00,PR-994527
Insp-994479,UVW 787Q,10/28/2024 17:00,PR-994525
Insp-994480,VWX 222E,10/28/2024 17:00,PR-994529
Insp-994481,ZAB 010J,10/28/2024 17:00,
Insp-994482,FGH 232L,10/29/2024 17:00,PR-994533
Insp-994483,FGH 445Q,10/29/2024 17:00,PR-994462
Insp-994484,GHI 789Z,10/29/2024 17:00,PR-994460
Insp-994485,HIJ 404D,10/29/2024 17:00,PR-994451
Insp-994486,HIJ 666I,10/29/2024 17:00,PR-994461
Insp-994487,IJK 343M,10/29/2024 17:00,PR-994456
Insp-994488,JKL 321A,10/29/2024 17:00,PR-994450
Insp-994489,KLM 505E,10/29/2024 17:00,PR-994459
Insp-994490,KLM 777J,10/29/2024 17:00,PR-994452
Insp-994491,LMN 454N,10/29/2024 17:00,PR-994468
Insp-994492,TUV 808H,10/29/2024 17:00,PR-994469
Insp-994493,UVW 787Q,10/29/2024 17:00,PR-994470
Insp-994494,VWX 222E,10/29/2024 17:00,PR-994473
Insp-994495,WXY 112N,10/29/2024 17:00,PR-994474
Insp-994496,WXY 909I,10/29/2024 17:00,PR-994471
Insp-994497,MNO 654B,10/30/2024 17:00,PR-994484
Insp-994498,NOP 606F,10/30/2024 17:00,PR-994475
Insp-994499,NOP 888K,10/30/2024 17:00,PR-994482
Insp-994500,OPQ 565O,10/30/2024 17:00,PR-994485
Insp-994501,PQR 987C,10/30/2024 17:00,PR-994481
Insp-994502,TUV 808H,10/30/2024 17:00,PR-994487
Insp-994503,UVW 787Q,10/30/2024 17:00,PR-994507
Insp-994504,VWX 222E,10/30/2024 17:00,PR-994497
Insp-994505,WXY 112N,10/30/2024 17:00,PR-994491
Insp-994506,WXY 909I,10/30/2024 17:00,PR-994505
Insp-994507,QRS 707G,10/31/2024 17:00,PR-994499
Insp-994508,QRS 999L,10/31/2024 17:00,PR-994502
Insp-994509,RST 676P,10/31/2024 17:00,PR-994538
Insp-994510,STU 111D,10/31/2024 17:00,PR-994510
Insp-994511,TUV 000M,10/31/2024 17:00,PR-994515
Insp-994512,TUV 808H,10/31/2024 17:00,PR-994512
Insp-994513,UVW 787Q,10/31/2024 17:00,PR-994521
Insp-994514,VWX 222E,10/31/2024 17:00,PR-994514
Insp-994515,WXY 112N,10/31/2024 17:00,PR-994523
Insp-994516,WXY 909I,10/31/2024 17:00,PR-994524
Insp-994517,ZAB 010J,10/31/2024 17:00,
Insp-994518,ZAB 223O,10/31/2024 17:00,PR-994488
Insp-994519,TUV 808H,11/01/2024 17:00,PR-994486
Insp-994520,UVW 787Q,11/01/2024 17:00,PR-994483
Insp-994521,VWX 222E,11/01/2024 17:00,PR-994490
Insp-994522,ABC 123X,11/04/2024 17:00,PR-994495
Insp-994523,ABC 909S,11/04/2024 17:00,PR-994496
Insp-994524,BCD 202B,11/04/2024 17:00,PR-994501
Insp-994525,BCD 444G,11/04/2024 17:00,PR-994500
Insp-994526,CDE 121K,11/04/2024 17:00,PR-994503
Insp-994527,CDE 334P,11/04/2024 17:00,PR-994504
Insp-994528,DEF 020T,11/04/2024 17:00,PR-994511
Insp-994529,DEF 456Y,11/04/2024 17:00,PR-994517
Insp-994530,EFG 303C,11/04/2024 17:00,PR-994518
Insp-994531,EFG 555H,11/04/2024 17:00,PR-994532
Insp-994532,TUV 808H,11/04/2024 17:00,PR-994531
Insp-994533,UVW 787Q,11/04/2024 17:00,PR-994535
Insp-994534,VWX 222E,11/04/2024 17:00,PR-994536
Insp-994535,ZAB 010J,11/04/2024 17:00,
Insp-994536,ZAB 223O,11/04/2024 17:00,
Insp-994537,FGH 232L,11/05/2024 17:00,PR-994540
Insp-994538,FGH 445Q,11/05/2024 17:00,PR-994541
Insp-994539,GHI 789Z,11/05/2024 17:00,PR-994544
Insp-994540,HIJ 404D,11/05/2024 17:00,PR-994542
Insp-994541,HIJ 666I,11/05/2024 17:00,PR-994543
Insp-994542,IJK 343M,11/05/2024 17:00,PR-994545
Insp-994543,JKL 321A,11/05/2024 17:00,PR-994551
Insp-994544,KLM 505E,11/05/2024 17:00,PR-994546
Insp-994545,KLM 777J,11/05/2024 17:00,PR-994547
Insp-994546,LMN 454N,11/05/2024 17:00,PR-994548
Insp-994547,TUV 808H,11/05/2024 17:00,PR-994550
Insp-994548,UVW 787Q,11/05/2024 17:00,PR-994549
Insp-994549,VWX 222E,11/05/2024 17:00,PR-994553
Insp-994550,WXY 112N,11/05/2024 17:00,PR-994554
Insp-994551,WXY 909I,11/05/2024 17:00,PR-994552
Insp-994552,MNO 654B,11/06/2024 17:00,PR-994560
Insp-994553,NOP 606F,11/06/2024 17:00,PR-994569
Insp-994554,NOP 888K,11/06/2024 17:00,PR-994566
Insp-994555,OPQ 565O,11/06/2024 17:00,PR-994571
Insp-994556,PQR 987C,11/06/2024 17:00,PR-994572
Insp-994557,TUV 808H,11/06/2024 17:00,PR-994573
Insp-994558,UVW 787Q,11/06/2024 17:00,PR-994579
Insp-994559,VWX 222E,11/06/2024 17:00,PR-994537
Insp-994560,WXY 112N,11/06/2024 17:00,PR-994647
Insp-994561,WXY 909I,11/06/2024 17:00,PR-994643
Insp-994562,QRS 707G,11/07/2024 17:00,PR-994637
Insp-994563,QRS 999L,11/07/2024 17:00,PR-994629
Insp-994564,STU 111D,11/07/2024 17:00,PR-994619
Insp-994565,TUV 000M,11/07/2024 17:00,PR-994622
Insp-994566,TUV 808H,11/07/2024 17:00,PR-994621
Insp-994567,UVW 787Q,11/07/2024 17:00,PR-994616
Insp-994568,VWX 222E,11/07/2024 17:00,PR-994611
Insp-994569,WXY 112N,11/07/2024 17:00,PR-994617
Insp-994570,WXY 909I,11/07/2024 17:00,PR-994604
Insp-994571,ZAB 010J,11/07/2024 17:00,
Insp-994572,ZAB 223O,11/07/2024 17:00,
Insp-994573,TUV 808H,11/08/2024 17:00,PR-994601
Insp-994574,UVW 787Q,11/08/2024 17:00,PR-994603
Insp-994575,VWX 222E,11/08/2024 17:00,PR-994602
Insp-994576,ABC 123X,11/11/2024 17:00,PR-994600
Insp-994577,ABC 909S,11/11/2024 17:00,PR-994598
Insp-994578,BCD 202B,11/11/2024 17:00,PR-994599
Insp-994579,BCD 444G,11/11/2024 17:00,PR-994597
Insp-994580,CDE 121K,11/11/2024 17:00,PR-994596
Insp-994581,CDE 334P,11/11/2024 17:00,PR-994595
Insp-994582,DEF 020T,11/11/2024 17:00,PR-994592
Insp-994583,DEF 456Y,11/11/2024 17:00,PR-994591
Insp-994584,EFG 303C,11/11/2024 17:00,PR-994594
Insp-994585,EFG 555H,11/11/2024 17:00,PR-994593
Insp-994586,TUV 808H,11/11/2024 17:00,PR-994589
Insp-994587,UVW 787Q,11/11/2024 17:00,PR-994588
Insp-994588,VWX 222E,11/11/2024 17:00,PR-994587
Insp-994589,ZAB 010J,11/11/2024 17:00,
Insp-994590,ZAB 223O,11/11/2024 17:00,
Insp-994591,FGH 232L,11/12/2024 17:00,PR-994584
Insp-994592,FGH 445Q,11/12/2024 17:00,PR-994582
Insp-994593,GHI 789Z,11/12/2024 17:00,PR-994585
Insp-994594,HIJ 404D,11/12/2024 17:00,PR-994581
Insp-994595,HIJ 666I,11/12/2024 17:00,PR-994583
Insp-994596,IJK 343M,11/12/2024 17:00,PR-994578
Insp-994597,JKL 321A,11/12/2024 17:00,PR-994576
Insp-994598,KLM 505E,11/12/2024 17:00,PR-994580
Insp-994599,KLM 777J,11/12/2024 17:00,PR-994577
Insp-994600,LMN 454N,11/12/2024 17:00,PR-994575
Insp-994601,TUV 808H,11/12/2024 17:00,PR-994574
Insp-994602,UVW 787Q,11/12/2024 17:00,PR-994570
Insp-994603,VWX 222E,11/12/2024 17:00,PR-994568
Insp-994604,WXY 112N,11/12/2024 17:00,PR-994567
Insp-994605,WXY 909I,11/12/2024 17:00,PR-994565
Insp-994606,MNO 654B,11/13/2024 17:00,PR-994564
Insp-994607,NOP 606F,11/13/2024 17:00,PR-994557
Insp-994608,NOP 888K,11/13/2024 17:00,PR-994558
Insp-994609,OPQ 565O,11/13/2024 17:00,PR-994556
Insp-994610,PQR 987C,11/13/2024 17:00,PR-994555
Insp-994611,TUV 808H,11/13/2024 17:00,PR-994562
Insp-994612,UVW 787Q,11/13/2024 17:00,PR-994561
Insp-994613,VWX 222E,11/13/2024 17:00,PR-994559
Insp-994614,WXY 112N,11/13/2024 17:00,PR-994563
Insp-994615,WXY 909I,11/13/2024 17:00,PR-994612
Insp-994616,QRS 707G,11/14/2024 17:00,PR-994610
Insp-994617,QRS 999L,11/14/2024 17:00,PR-994608
Insp-994618,RST 676P,11/14/2024 17:00,PR-994615
Insp-994619,STU 111D,11/14/2024 17:00,PR-994607
Insp-994620,TUV 000M,11/14/2024 17:00,PR-994609
Insp-994621,TUV 808H,11/14/2024 17:00,PR-994614
Insp-994622,UVW 787Q,11/14/2024 17:00,PR-994620
Insp-994623,VWX 222E,11/14/2024 17:00,PR-994618
Insp-994624,WXY 112N,11/14/2024 17:00,PR-994628
Insp-994625,WXY 909I,11/14/2024 17:00,PR-994625
Insp-994626,ZAB 010J,11/14/2024 17:00,
Insp-994627,ZAB 223O,11/14/2024 17:00,
Insp-994628,TUV 808H,11/15/2024 17:00,PR-994636
Insp-994629,UVW 787Q,11/15/2024 17:00,PR-994640
Insp-994630,VWX 222E,11/15/2024 17:00,PR-994646
Insp-994631,ABC 123X,11/18/2024 17:00,PR-994645
Insp-994632,ABC 909S,11/18/2024 17:00,PR-994649
Insp-994633,BCD 202B,11/18/2024 17:00,PR-994650
Insp-994634,BCD 444G,11/18/2024 17:00,PR-994659
Insp-994635,CDE 121K,11/18/2024 17:00,PR-994660
Insp-994636,CDE 334P,11/18/2024 17:00,PR-994663
Insp-994637,DEF 020T,11/18/2024 17:00,PR-994664
Insp-994638,DEF 456Y,11/18/2024 17:00,PR-994669
Insp-994639,EFG 303C,11/18/2024 17:00,PR-994667
Insp-994640,EFG 555H,11/18/2024 17:00,PR-994678
Insp-994641,TUV 808H,11/18/2024 17:00,PR-994670
Insp-994642,UVW 787Q,11/18/2024 17:00,PR-994682
Insp-994643,VWX 222E,11/18/2024 17:00,PR-994681
Insp-994644,ZAB 010J,11/18/2024 17:00,
Insp-994645,ZAB 223O,11/18/2024 17:00,
Insp-994646,TUV 808H,11/19/2024 17:00,PR-994613
Insp-994647,UVW 787Q,11/19/2024 17:00,PR-994626
Insp-994648,VWX 222E,11/19/2024 17:00,PR-994627
Insp-994649,WXY 112N,11/19/2024 17:00,PR-994624
Insp-994650,WXY 909I,11/19/2024 17:00,PR-994632
Insp-994651,MNO 654B,11/20/2024 17:00,PR-994630
Insp-994652,NOP 606F,11/20/2024 17:00,PR-994634
Insp-994653,NOP 888K,11/20/2024 17:00,PR-994638
Insp-994654,OPQ 565O,11/20/2024 17:00,PR-994635
Insp-994655,PQR 987C,11/20/2024 17:00,PR-994639
Insp-994656,TUV 808H,11/20/2024 17:00,PR-994641
Insp-994657,UVW 787Q,11/20/2024 17:00,PR-994642
Insp-994658,VWX 222E,11/20/2024 17:00,PR-994644
Insp-994659,WXY 112N,11/20/2024 17:00,PR-994648
Insp-994660,WXY 909I,11/20/2024 17:00,PR-994658
Insp-994661,QRS 707G,11/21/2024 17:00,PR-994651
Insp-994662,RST 676P,11/21/2024 17:00,PR-994623
Insp-994663,STU 111D,11/21/2024 17:00,PR-994654
Insp-994664,TUV 000M,11/21/2024 17:00,PR-994653
Insp-994665,TUV 808H,11/21/2024 17:00,PR-994652
Insp-994666,UVW 787Q,11/21/2024 17:00,PR-994662
Insp-994667,VWX 222E,11/21/2024 17:00,PR-994665
Insp-994668,WXY 112N,11/21/2024 17:00,PR-994668
Insp-994669,WXY 909I,11/21/2024 17:00,PR-994666
Insp-994670,ZAB 010J,11/21/2024 17:00,
Insp-994671,ZAB 223O,11/21/2024 17:00,
Insp-994672,TUV 808H,11/22/2024 17:00,PR-994683
Insp-994673,UVW 787Q,11/22/2024 17:00,PR-994685
Insp-994674,VWX 222E,11/22/2024 17:00,PR-994687
Insp-994675,ZAB 010J,11/22/2024 17:00,
Insp-994676,ZAB 223O,11/22/2024 17:00,
Insp-994677,ABC 123X,11/25/2024 17:00,PR-994661
Insp-994678,ABC 909S,11/25/2024 17:00,PR-994657
Insp-994679,BCD 202B,11/25/2024 17:00,PR-994680
Insp-994680,BCD 444G,11/25/2024 17:00,PR-994675
Insp-994681,CDE 121K,11/25/2024 17:00,PR-994674
Insp-994682,CDE 334P,11/25/2024 17:00,PR-994676
Insp-994683,DEF 020T,11/25/2024 17:00,PR-994672
Insp-994684,DEF 456Y,11/25/2024 17:00,PR-994684
Insp-994685,EFG 303C,11/25/2024 17:00,PR-994686
Insp-994686,EFG 555H,11/25/2024 17:00,PR-994688
Insp-994687,TUV 808H,11/25/2024 17:00,PR-994689
Insp-994688,UVW 787Q,11/25/2024 17:00,PR-994690
Insp-994689,VWX 222E,11/25/2024 17:00,PR-994679
Insp-994690,ZAB 010J,11/25/2024 17:00,
Insp-994691,ZAB 223O,11/25/2024 17:00,
Insp-994692,FGH 232L,11/26/2024 17:00,PR-994695
Insp-994693,FGH 445Q,11/26/2024 17:00,PR-994697
Insp-994694,GHI 789Z,11/26/2024 17:00,PR-994696
Insp-994695,HIJ 404D,11/26/2024 17:00,PR-994699
Insp-994696,HIJ 666I,11/26/2024 17:00,PR-994698
Insp-994697,IJK 343M,11/26/2024 17:00,PR-994701
Insp-994698,JKL 321A,11/26/2024 17:00,PR-994700
Insp-994699,LMN 454N,11/26/2024 17:00,PR-994702
Insp-994700,TUV 808H,11/26/2024 17:00,PR-994703
Insp-994701,UVW 787Q,11/26/2024 17:00,PR-994704
Insp-994702,VWX 222E,11/26/2024 17:00,PR-994705
Insp-994703,WXY 112N,11/26/2024 17:00,PR-994706
Insp-994704,WXY 909I,11/26/2024 17:00,PR-994708
Insp-994705,ZAB 010J,11/26/2024 17:00,
Insp-994706,ZAB 223O,11/26/2024 17:00,
Insp-994707,MNO 654B,11/27/2024 17:00,PR-994710
Insp-994708,NOP 606F,11/27/2024 17:00,PR-994711
Insp-994709,NOP 888K,11/27/2024 17:00,PR-994713
Insp-994710,OPQ 565O,11/27/2024 17:00,PR-994712
Insp-994711,PQR 987C,11/27/2024 17:00,PR-994714
Insp-994712,TUV 808H,11/27/2024 17:00,PR-994715
Insp-994713,UVW 787Q,11/27/2024 17:00,PR-994716
Insp-994714,VWX 222E,11/27/2024 17:00,PR-994721
Insp-994715,WXY 112N,11/27/2024 17:00,PR-994717
Insp-994716,WXY 909I,11/27/2024 17:00,PR-994738
Insp-994717,ZAB 010J,11/27/2024 17:00,
Insp-994718,ZAB 223O,11/27/2024 17:00,
Insp-994719,ABC 123X,11/28/2024 17:00,PR-994727
Insp-994720,ABC 909S,11/28/2024 17:00,PR-994728
Insp-994721,BCD 202B,11/28/2024 17:00,PR-994732
Insp-994722,BCD 444G,11/28/2024 17:00,PR-994731
Insp-994723,CDE 121K,11/28/2024 17:00,PR-994730
Insp-994724,CDE 334P,11/28/2024 17:00,PR-994729
Insp-994725,DEF 020T,11/28/2024 17:00,PR-994733
Insp-994726,DEF 456Y,11/28/2024 17:00,PR-994736
Insp-994727,EFG 303C,11/28/2024 17:00,PR-994740
Insp-994728,EFG 555H,11/28/2024 17:00,PR-994743
Insp-994729,QRS 707G,11/28/2024 17:00,PR-994742
Insp-994730,QRS 999L,11/28/2024 17:00,PR-994745
Insp-994731,RST 676P,11/28/2024 17:00,PR-994746
Insp-994732,ZAB 010J,11/28/2024 17:00,
Insp-994733,ZAB 223O,11/28/2024 17:00,
Insp-994734,TUV 808H,11/29/2024 17:00,PR-994754
Insp-994735,UVW 787Q,11/29/2024 17:00,PR-994760
Insp-994736,VWX 222E,11/29/2024 17:00,PR-994692
Insp-994737,ZAB 010J,11/29/2024 17:00,
Insp-994738,ZAB 223O,11/29/2024 17:00,
Insp-994739,ABC 123X,12/02/2024 17:00,PR-994768
Insp-994740,ABC 909S,12/02/2024 17:00,PR-994772
Insp-994741,BCD 202B,12/02/2024 17:00,PR-994776
Insp-994742,BCD 444G,12/02/2024 17:00,PR-994778
Insp-994743,CDE 121K,12/02/2024 17:00,PR-994783
Insp-994744,CDE 334P,12/02/2024 17:00,PR-994786
Insp-994745,DEF 020T,12/02/2024 17:00,PR-994787
Insp-994746,DEF 456Y,12/02/2024 17:00,PR-994789
Insp-994747,EFG 303C,12/02/2024 17:00,PR-994794
Insp-994748,EFG 555H,12/02/2024 17:00,PR-994793
Insp-994749,TUV 808H,12/02/2024 17:00,PR-994792
Insp-994750,UVW 787Q,12/02/2024 17:00,PR-994798
Insp-994751,VWX 222E,12/02/2024 17:00,PR-994799
Insp-994752,ZAB 010J,12/02/2024 17:00,
Insp-994753,ZAB 223O,12/02/2024 17:00,
Insp-994754,FGH 232L,12/03/2024 17:00,PR-994719
Insp-994755,FGH 445Q,12/03/2024 17:00,PR-994723
Insp-994756,GHI 789Z,12/03/2024 17:00,PR-994718
Insp-994757,HIJ 404D,12/03/2024 17:00,PR-994744
Insp-994758,JKL 321A,12/03/2024 17:00,PR-994735
Insp-994759,KLM 505E,12/03/2024 17:00,PR-994726
Insp-994760,KLM 777J,12/03/2024 17:00,PR-994739
Insp-994761,LMN 454N,12/03/2024 17:00,PR-994737
Insp-994762,TUV 808H,12/03/2024 17:00,PR-994756
Insp-994763,UVW 787Q,12/03/2024 17:00,PR-994805
Insp-994764,VWX 222E,12/03/2024 17:00,PR-994749
Insp-994765,WXY 112N,12/03/2024 17:00,PR-994750
Insp-994766,WXY 909I,12/03/2024 17:00,PR-994747
Insp-994767,ZAB 010J,12/03/2024 17:00,
Insp-994768,ZAB 223O,12/03/2024 17:00,
Insp-994769,MNO 654B,12/04/2024 17:00,PR-994764
Insp-994770,NOP 606F,12/04/2024 17:00,PR-994762
Insp-994771,NOP 888K,12/04/2024 17:00,PR-994761
Insp-994772,OPQ 565O,12/04/2024 17:00,PR-994770
Insp-994773,PQR 987C,12/04/2024 17:00,PR-994771
Insp-994774,TUV 808H,12/04/2024 17:00,PR-994773
Insp-994775,UVW 787Q,12/04/2024 17:00,PR-994769
Insp-994776,VWX 222E,12/04/2024 17:00,PR-994774
Insp-994777,WXY 112N,12/04/2024 17:00,PR-994775
Insp-994778,WXY 909I,12/04/2024 17:00,PR-994779
Insp-994779,ZAB 010J,12/04/2024 17:00,
Insp-994780,ZAB 223O,12/04/2024 17:00,
Insp-994781,QRS 707G,12/05/2024 17:00,PR-994784
Insp-994782,QRS 999L,12/05/2024 17:00,PR-994785
Insp-994783,RST 676P,12/05/2024 17:00,PR-994795
Insp-994784,STU 111D,12/05/2024 17:00,PR-994788
Insp-994785,TUV 000M,12/05/2024 17:00,PR-994790
Insp-994786,TUV 808H,12/05/2024 17:00,PR-994724
Insp-994787,UVW 787Q,12/05/2024 17:00,PR-994741
Insp-994788,VWX 222E,12/05/2024 17:00,PR-994758
Insp-994789,WXY 112N,12/05/2024 17:00,PR-994753
Insp-994790,WXY 909I,12/05/2024 17:00,PR-994751
Insp-994791,ZAB 010J,12/05/2024 17:00,
Insp-994792,ZAB 223O,12/05/2024 17:00,
Insp-994793,TUV 808H,12/06/2024 17:00,PR-994765
Insp-994794,UVW 787Q,12/06/2024 17:00,PR-994806
Insp-994795,VWX 222E,12/06/2024 17:00,PR-994777
Insp-994796,ZAB 010J,12/06/2024 17:00,
Insp-994797,ZAB 223O,12/06/2024 17:00,
Insp-994798,ABC 123X,12/09/2024 17:00,PR-994796
Insp-994799,ABC 909S,12/09/2024 17:00,PR-994797
Insp-994800,BCD 202B,12/09/2024 17:00,PR-994800
Insp-994801,BCD 444G,12/09/2024 17:00,PR-994801
Insp-994802,CDE 121K,12/09/2024 17:00,PR-994802
Insp-994803,CDE 334P,12/09/2024 17:00,PR-994804
Insp-994804,DEF 020T,12/09/2024 17:00,PR-994809
Insp-994805,DEF 456Y,12/09/2024 17:00,PR-994819
Insp-994806,EFG 303C,12/09/2024 17:00,PR-994821
Insp-994807,EFG 555H,12/09/2024 17:00,PR-994822
Insp-994808,TUV 808H,12/09/2024 17:00,PR-994827
Insp-994809,UVW 787Q,12/09/2024 17:00,PR-994828
Insp-994810,VWX 222E,12/09/2024 17:00,PR-994829
Insp-994811,ZAB 010J,12/09/2024 17:00,
Insp-994812,ZAB 223O,12/09/2024 17:00,
Insp-994813,FGH 445Q,12/10/2024 17:00,PR-994832
Insp-994814,GHI 789Z,12/10/2024 17:00,PR-994833
Insp-994815,HIJ 666I,12/10/2024 17:00,PR-994834
Insp-994816,IJK 343M,12/10/2024 17:00,PR-994835
Insp-994817,JKL 321A,12/10/2024 17:00,PR-994838
Insp-994818,KLM 505E,12/10/2024 17:00,PR-994836
Insp-994819,KLM 777J,12/10/2024 17:00,PR-994837
Insp-994820,LMN 454N,12/10/2024 17:00,PR-994839
Insp-994821,TUV 808H,12/10/2024 17:00,PR-994824
Insp-994822,UVW 787Q,12/10/2024 17:00,PR-994825
Insp-994823,VWX 222E,12/10/2024 17:00,PR-994818
Insp-994824,WXY 112N,12/10/2024 17:00,PR-994813
Insp-994825,WXY 909I,12/10/2024 17:00,PR-994815
Insp-994826,ZAB 010J,12/10/2024 17:00,
Insp-994827,ZAB 223O,12/10/2024 17:00,
Insp-994828,MNO 654B,12/11/2024 17:00,PR-994812
Insp-994829,NOP 606F,12/11/2024 17:00,PR-994807
Insp-994830,NOP 888K,12/11/2024 17:00,PR-994803
Insp-994831,OPQ 565O,12/11/2024 17:00,PR-994823
Insp-994832,PQR 987C,12/11/2024 17:00,PR-994826
Insp-994833,TUV 808H,12/11/2024 17:00,PR-994810
Insp-994834,UVW 787Q,12/11/2024 17:00,PR-994816
Insp-994835,VWX 222E,12/11/2024 17:00,PR-994811
Insp-994836,WXY 112N,12/11/2024 17:00,PR-994820
Insp-994837,WXY 909I,12/11/2024 17:00,PR-994814
Insp-994838,ZAB 010J,12/11/2024 17:00,
Insp-994839,ZAB 223O,12/11/2024 17:00,
Insp-994840,QRS 707G,12/12/2024 17:00,PR-994911
Insp-994841,QRS 999L,12/12/2024 17:00,PR-994904
Insp-994842,RST 676P,12/12/2024 17:00,PR-994901
Insp-994843,STU 111D,12/12/2024 17:00,PR-994897
Insp-994844,TUV 000M,12/12/2024 17:00,PR-994893
Insp-994845,TUV 808H,12/12/2024 17:00,PR-994896
Insp-994846,UVW 787Q,12/12/2024 17:00,PR-994891
Insp-994847,VWX 222E,12/12/2024 17:00,PR-994888
Insp-994848,WXY 112N,12/12/2024 17:00,PR-994884
Insp-994849,WXY 909I,12/12/2024 17:00,PR-994880
Insp-994850,ZAB 010J,12/12/2024 17:00,
Insp-994851,ZAB 223O,12/12/2024 17:00,
Insp-994852,TUV 808H,12/13/2024 17:00,PR-994878
Insp-994853,UVW 787Q,12/13/2024 17:00,PR-994871
Insp-994854,VWX 222E,12/13/2024 17:00,PR-994874
Insp-994855,ZAB 010J,12/13/2024 17:00,
Insp-994856,ZAB 223O,12/13/2024 17:00,
Insp-994857,ABC 123X,12/16/2024 17:00,PR-994864
Insp-994858,ABC 909S,12/16/2024 17:00,PR-994863
Insp-994859,BCD 202B,12/16/2024 17:00,PR-994861
Insp-994860,BCD 444G,12/16/2024 17:00,PR-994860
Insp-994861,CDE 121K,12/16/2024 17:00,PR-994859
Insp-994862,CDE 334P,12/16/2024 17:00,PR-994862
Insp-994863,DEF 020T,12/16/2024 17:00,PR-994855
Insp-994864,DEF 456Y,12/16/2024 17:00,PR-994854
Insp-994865,EFG 303C,12/16/2024 17:00,PR-994853
Insp-994866,EFG 555H,12/16/2024 17:00,PR-994852
Insp-994867,TUV 808H,12/16/2024 17:00,PR-994851
Insp-994868,UVW 787Q,12/16/2024 17:00,PR-994850
Insp-994869,VWX 222E,12/16/2024 17:00,PR-994849
Insp-994870,ZAB 010J,12/16/2024 17:00,
Insp-994871,ZAB 223O,12/16/2024 17:00,
Insp-994872,FGH 232L,01/07/2025 17:00,PR-994840
Insp-994873,FGH 445Q,01/07/2025 17:00,PR-994845
Insp-994874,GHI 789Z,01/07/2025 17:00,PR-994846
Insp-994875,HIJ 404D,01/07/2025 17:00,PR-994847
Insp-994876,HIJ 666I,01/07/2025 17:00,PR-994843
Insp-994877,IJK 343M,01/07/2025 17:00,PR-994842
Insp-994878,JKL 321A,01/07/2025 17:00,PR-994841
Insp-994879,KLM 505E,01/07/2025 17:00,PR-994867
Insp-994880,LMN 454N,01/07/2025 17:00,PR-994858
Insp-994881,TUV 808H,01/07/2025 17:00,PR-994866
Insp-994882,UVW 787Q,01/07/2025 17:00,PR-994865
Insp-994883,VWX 222E,01/07/2025 17:00,PR-994857
Insp-994884,WXY 112N,01/07/2025 17:00,PR-994856
Insp-994885,WXY 909I,01/07/2025 17:00,PR-994869
Insp-994886,ZAB 010J,01/07/2025 17:00,
Insp-994887,MNO 654B,01/08/2025 17:00,PR-994873
Insp-994888,NOP 606F,01/08/2025 17:00,PR-994875
Insp-994889,NOP 888K,01/08/2025 17:00,PR-994877
Insp-994890,OPQ 565O,01/08/2025 17:00,PR-994881
Insp-994891,PQR 987C,01/08/2025 17:00,PR-994882
Insp-994892,TUV 808H,01/08/2025 17:00,PR-994885
Insp-994893,UVW 787Q,01/08/2025 17:00,PR-994887
Insp-994894,VWX 222E,01/08/2025 17:00,PR-994914
Insp-994895,WXY 112N,01/08/2025 17:00,PR-994913
Insp-994896,WXY 909I,01/08/2025 17:00,PR-994908
Insp-994897,ZAB 010J,01/08/2025 17:00,
Insp-994898,QRS 707G,01/09/2025 17:00,PR-994903
Insp-994899,QRS 999L,01/09/2025 17:00,PR-994899
Insp-994900,RST 676P,01/09/2025 17:00,PR-994900
Insp-994901,STU 111D,01/09/2025 17:00,PR-994898
Insp-994902,TUV 000M,01/09/2025 17:00,PR-994894
Insp-994903,TUV 808H,01/09/2025 17:00,PR-994895
Insp-994904,UVW 787Q,01/09/2025 17:00,PR-994890
Insp-994905,VWX 222E,01/09/2025 17:00,PR-994892
Insp-994906,WXY 112N,01/09/2025 17:00,PR-994889
Insp-994907,WXY 909I,01/09/2025 17:00,PR-994902
Insp-994908,ZAB 010J,01/09/2025 17:00,
Insp-994909,ZAB 223O,01/09/2025 17:00,
Insp-994910,TUV 808H,01/10/2025 17:00,PR-994907
Insp-994911,UVW 787Q,01/10/2025 17:00,PR-994910
Insp-994912,VWX 222E,01/10/2025 17:00,PR-994909
Insp-994913,ZAB 010J,01/10/2025 17:00,
Insp-994914,ABC 123X,1/13/2025 17:00,PR-994915
Insp-994915,ABC 909S,1/13/2025 17:00,PR-994917
Insp-994916,BCD 202B,1/13/2025 17:00,PR-994920
Insp-994917,BCD 444G,1/13/2025 17:00,PR-994918
Insp-994918,CDE 121K,1/13/2025 17:00,PR-994919
Insp-994919,CDE 334P,1/13/2025 17:00,PR-994922
Insp-994920,DEF 020T,1/13/2025 17:00,PR-994927
Insp-994921,DEF 456Y,1/13/2025 17:00,PR-994931
Insp-994922,EFG 303C,1/13/2025 17:00,PR-994923
Insp-994923,EFG 555H,1/13/2025 17:00,PR-994924
Insp-994924,TUV 808H,1/13/2025 17:00,PR-994925
Insp-994925,UVW 787Q,1/13/2025 17:00,PR-994926
Insp-994926,VWX 222E,1/13/2025 17:00,PR-994906
Insp-994927,ZAB 010J,1/13/2025 17:00,
Insp-994928,ZAB 223O,1/13/2025 17:00,
Insp-994929,FGH 232L,1/14/2025 17:00,PR-994928
Insp-994930,FGH 445Q,1/14/2025 17:00,PR-994932
Insp-994931,GHI 789Z,1/14/2025 17:00,PR-994933
Insp-994932,HIJ 404D,1/14/2025 17:00,PR-994934
Insp-994933,HIJ 666I,1/14/2025 17:00,PR-994936
Insp-994934,JKL 321A,1/14/2025 17:00,PR-994939
Insp-994935,KLM 505E,1/14/2025 17:00,PR-994947
Insp-994936,KLM 777J,1/14/2025 17:00,PR-994942
Insp-994937,LMN 454N,1/14/2025 17:00,PR-994944
Insp-994938,TUV 808H,1/14/2025 17:00,PR-994956
Insp-994939,UVW 787Q,1/14/2025 17:00,PR-994945
Insp-994940,VWX 222E,1/14/2025 17:00,PR-994946
Insp-994941,WXY 112N,1/14/2025 17:00,PR-994949
Insp-994942,WXY 909I,1/14/2025 17:00,PR-994940
Insp-994943,ZAB 010J,1/14/2025 17:00,
Insp-994944,MNO 654B,1/15/2025 17:00,PR-994937
Insp-994945,NOP 606F,1/15/2025 17:00,PR-994938
Insp-994946,NOP 888K,1/15/2025 17:00,PR-994943
Insp-994947,OPQ 565O,1/15/2025 17:00,PR-994941
Insp-994948,PQR 987C,1/15/2025 17:00,PR-994954
Insp-994949,TUV 808H,1/15/2025 17:00,PR-994959
Insp-994950,UVW 787Q,1/15/2025 17:00,PR-994958
Insp-994951,VWX 222E,1/15/2025 17:00,PR-994962
Insp-994952,WXY 112N,1/15/2025 17:00,PR-994957
Insp-994953,WXY 909I,1/15/2025 17:00,PR-994953
Insp-994954,ZAB 010J,1/15/2025 17:00,
Insp-994955,QRS 707G,1/16/2025 17:00,PR-994948
Insp-994956,QRS 999L,1/16/2025 17:00,PR-994950
Insp-994957,RST 676P,1/16/2025 17:00,PR-994955
Insp-994958,STU 111D,1/16/2025 17:00,PR-994951
Insp-994959,TUV 808H,1/16/2025 17:00,PR-994967
Insp-994960,UVW 787Q,1/16/2025 17:00,PR-994966
Insp-994961,VWX 222E,1/16/2025 17:00,PR-994965
Insp-994962,WXY 112N,1/16/2025 17:00,PR-994964
Insp-994963,WXY 909I,1/16/2025 17:00,PR-994963
Insp-994964,ZAB 010J,1/16/2025 17:00,
Insp-994965,ZAB 223O,1/16/2025 17:00,
Insp-994966,TUV 808H,1/17/2025 17:00,PR-994999
Insp-994967,UVW 787Q,1/17/2025 17:00,PR-994998
Insp-994968,VWX 222E,1/17/2025 17:00,PR-994997
Insp-994969,ZAB 010J,1/17/2025 17:00,
Insp-994970,ABC 123X,1/20/2025 17:00,PR-994996
Insp-994971,ABC 909S,1/20/2025 17:00,PR-994993
Insp-994972,BCD 202B,1/20/2025 17:00,PR-994994
Insp-994973,BCD 444G,1/20/2025 17:00,PR-994991
Insp-994974,CDE 121K,1/20/2025 17:00,PR-994992
Insp-994975,CDE 334P,1/20/2025 17:00,PR-994990
Insp-994976,DEF 020T,1/20/2025 17:00,PR-994989
Insp-994977,DEF 456Y,1/20/2025 17:00,PR-994988
Insp-994978,EFG 303C,1/20/2025 17:00,PR-994987
Insp-994979,EFG 555H,1/20/2025 17:00,PR-994986
Insp-994980,TUV 808H,1/20/2025 17:00,PR-994983
Insp-994981,UVW 787Q,1/20/2025 17:00,PR-994985
Insp-994982,VWX 222E,1/20/2025 17:00,PR-994984
Insp-994983,ZAB 010J,1/20/2025 17:00,
Insp-994984,ZAB 223O,1/20/2025 17:00,
Insp-994985,FGH 232L,1/21/2025 17:00,PR-994980
Insp-994986,FGH 445Q,1/21/2025 17:00,PR-994976
Insp-994987,GHI 789Z,1/21/2025 17:00,PR-994978
Insp-994988,HIJ 404D,1/21/2025 17:00,PR-994979
Insp-994989,HIJ 666I,1/21/2025 17:00,PR-994977
Insp-994990,IJK 343M,1/21/2025 17:00,PR-994970
Insp-994991,JKL 321A,1/21/2025 17:00,PR-994971
Insp-994992,KLM 505E,1/21/2025 17:00,PR-994968
Insp-994993,KLM 777J,1/21/2025 17:00,PR-994975
Insp-994994,TUV 808H,1/21/2025 17:00,PR-994969
Insp-994995,UVW 787Q,1/21/2025 17:00,PR-994974
Insp-994996,VWX 222E,1/21/2025 17:00,PR-994972
Insp-994997,WXY 112N,1/21/2025 17:00,PR-994973
Insp-994998,WXY 909I,1/21/2025 17:00,PR-995004
Insp-994999,ZAB 010J,1/21/2025 17:00,
Insp-995000,MNO 654B,1/22/2025 17:00,PR-995022
Insp-995001,NOP 606F,1/22/2025 17:00,PR-995000
Insp-995002,NOP 888K,1/22/2025 17:00,PR-995015
Insp-995003,OPQ 565O,1/22/2025 17:00,PR-995003
Insp-995004,PQR 987C,1/22/2025 17:00,PR-995002
Insp-995005,TUV 808H,1/22/2025 17:00,PR-995017
Insp-995006,UVW 787Q,1/22/2025 17:00,PR-995006
Insp-995007,VWX 222E,1/22/2025 17:00,PR-995005
Insp-995008,WXY 112N,1/22/2025 17:00,PR-995020
Insp-995009,WXY 909I,1/22/2025 17:00,PR-995018
Insp-995010,ZAB 010J,1/22/2025 17:00,
Insp-995011,QRS 707G,1/23/2025 17:00,PR-995023
Insp-995012,QRS 999L,1/23/2025 17:00,PR-995031
Insp-995013,RST 676P,1/23/2025 17:00,PR-995036
Insp-995014,STU 111D,1/23/2025 17:00,PR-995028
Insp-995015,TUV 000M,1/23/2025 17:00,PR-995025
Insp-995016,TUV 808H,1/23/2025 17:00,PR-995026
Insp-995017,UVW 787Q,1/23/2025 17:00,PR-995027
Insp-995018,VWX 222E,1/23/2025 17:00,PR-995021
Insp-995019,WXY 112N,1/23/2025 17:00,PR-995019
Insp-995020,WXY 909I,1/23/2025 17:00,PR-995016
Insp-995021,ZAB 010J,1/23/2025 17:00,
Insp-995022,ZAB 223O,1/23/2025 17:00,
Insp-995023,TUV 808H,1/24/2025 17:00,PR-995012
Insp-995024,UVW 787Q,1/24/2025 17:00,PR-995011
Insp-995025,VWX 222E,1/24/2025 17:00,PR-995008
Insp-995026,ZAB 010J,1/24/2025 17:00,
Insp-995027,ABC 123X,1/27/2025 17:00,PR-995009
Insp-995028,ABC 909S,1/27/2025 17:00,PR-995007
Insp-995029,BCD 202B,1/27/2025 17:00,PR-995030
Insp-995030,BCD 444G,1/27/2025 17:00,PR-995033
Insp-995031,CDE 121K,1/27/2025 17:00,PR-995035
Insp-995032,CDE 334P,1/27/2025 17:00,PR-995037
Insp-995033,DEF 020T,1/27/2025 17:00,PR-995034
Insp-995034,DEF 456Y,1/27/2025 17:00,PR-995039
Insp-995035,EFG 303C,1/27/2025 17:00,PR-995032
Insp-995036,EFG 555H,1/27/2025 17:00,PR-995040
Insp-995037,TUV 808H,1/27/2025 17:00,PR-995042
Insp-995038,UVW 787Q,1/27/2025 17:00,PR-995041
Insp-995039,VWX 222E,1/27/2025 17:00,PR-995043
Insp-995040,ZAB 010J,1/27/2025 17:00,
Insp-995041,ZAB 223O,1/27/2025 17:00,
Insp-995042,FGH 445Q,1/28/2025 17:00,PR-995046
Insp-995043,GHI 789Z,1/28/2025 17:00,PR-995038
Insp-995044,HIJ 404D,1/28/2025 17:00,PR-995029
Insp-995045,HIJ 666I,1/28/2025 17:00,PR-995049
Insp-995046,IJK 343M,1/28/2025 17:00,PR-995048
Insp-995047,JKL 321A,1/28/2025 17:00,PR-995051
Insp-995048,KLM 505E,1/28/2025 17:00,PR-995050
Insp-995049,KLM 777J,1/28/2025 17:00,PR-995052
Insp-995050,LMN 454N,1/28/2025 17:00,PR-995054
Insp-995051,TUV 808H,1/28/2025 17:00,PR-995053
Insp-995052,UVW 787Q,1/28/2025 17:00,PR-995055
Insp-995053,VWX 222E,1/28/2025 17:00,PR-995056
Insp-995054,WXY 112N,1/28/2025 17:00,PR-995057
Insp-995055,WXY 909I,1/28/2025 17:00,PR-995058
Insp-995056,ZAB 010J,1/28/2025 17:00,
Insp-995057,MNO 654B,1/29/2025 17:00,PR-995060
Insp-995058,NOP 606F,1/29/2025 17:00,PR-995062
Insp-995059,NOP 888K,1/29/2025 17:00,PR-995047
Insp-995060,OPQ 565O,1/29/2025 17:00,PR-995063
Insp-995061,PQR 987C,1/29/2025 17:00,PR-995064
Insp-995062,TUV 808H,1/29/2025 17:00,PR-995066
Insp-995063,UVW 787Q,1/29/2025 17:00,PR-995061
Insp-995064,VWX 222E,1/29/2025 17:00,PR-995065
Insp-995065,WXY 112N,1/29/2025 17:00,PR-995068
Insp-995066,WXY 909I,1/29/2025 17:00,PR-995067
Insp-995067,ZAB 010J,1/29/2025 17:00,
Insp-995068,QRS 707G,1/30/2025 17:00,PR-995071
Insp-995069,RST 676P,1/30/2025 17:00,PR-995072
Insp-995070,STU 111D,1/30/2025 17:00,PR-995070
Insp-995071,TUV 000M,1/30/2025 17:00,PR-995080
Insp-995072,TUV 808H,1/30/2025 17:00,PR-995078
Insp-995073,UVW 787Q,1/30/2025 17:00,PR-995092
Insp-995074,VWX 222E,1/30/2025 17:00,PR-995091
Insp-995075,WXY 112N,1/30/2025 17:00,PR-995085
Insp-995076,WXY 909I,1/30/2025 17:00,PR-995096
Insp-995077,ZAB 010J,1/30/2025 17:00,
Insp-995078,ZAB 223O,1/30/2025 17:00,
Insp-995079,TUV 808H,1/31/2025 17:00,PR-995098
Insp-995080,UVW 787Q,1/31/2025 17:00,PR-995099
Insp-995081,VWX 222E,1/31/2025 17:00,PR-995075
Insp-995082,ZAB 010J,1/31/2025 17:00,
Insp-995083,ABC 123X,02/03/2025 17:00,PR-995076
Insp-995084,ABC 909S,02/03/2025 17:00,PR-995073
Insp-995085,BCD 202B,02/03/2025 17:00,PR-995077
Insp-995086,BCD 444G,02/03/2025 17:00,PR-995079
Insp-995087,CDE 121K,02/03/2025 17:00,PR-995083
Insp-995088,CDE 334P,02/03/2025 17:00,PR-995084
Insp-995089,DEF 020T,02/03/2025 17:00,PR-995087
Insp-995090,DEF 456Y,02/03/2025 17:00,PR-995089
Insp-995091,EFG 303C,02/03/2025 17:00,PR-995082
Insp-995092,EFG 555H,02/03/2025 17:00,PR-995081
Insp-995093,TUV 808H,02/03/2025 17:00,PR-995095
Insp-995094,UVW 787Q,02/03/2025 17:00,PR-995086
Insp-995095,VWX 222E,02/03/2025 17:00,PR-995090
Insp-995096,ZAB 010J,02/03/2025 17:00,
Insp-995097,FGH 232L,02/04/2025 17:00,PR-995088
Insp-995098,FGH 445Q,02/04/2025 17:00,PR-995150
Insp-995099,GHI 789Z,02/04/2025 17:00,PR-995144
Insp-995100,HIJ 404D,02/04/2025 17:00,PR-995143
Insp-995101,HIJ 666I,02/04/2025 17:00,PR-995138
Insp-995102,IJK 343M,02/04/2025 17:00,PR-995136
Insp-995103,KLM 505E,02/04/2025 17:00,PR-995141
Insp-995104,KLM 777J,02/04/2025 17:00,PR-995134
Insp-995105,LMN 454N,02/04/2025 17:00,PR-995132
Insp-995106,TUV 808H,02/04/2025 17:00,PR-995129
Insp-995107,UVW 787Q,02/04/2025 17:00,PR-995128
Insp-995108,VWX 222E,02/04/2025 17:00,PR-995126
Insp-995109,WXY 112N,02/04/2025 17:00,PR-995125
Insp-995110,WXY 909I,02/04/2025 17:00,PR-995122
Insp-995111,ZAB 010J,02/04/2025 17:00,
Insp-995112,MNO 654B,02/05/2025 17:00,PR-995120
Insp-995113,NOP 606F,02/05/2025 17:00,PR-995119
Insp-995114,NOP 888K,02/05/2025 17:00,PR-995117
Insp-995115,OPQ 565O,02/05/2025 17:00,PR-995118
Insp-995116,PQR 987C,02/05/2025 17:00,PR-995116
Insp-995117,TUV 808H,02/05/2025 17:00,PR-995114
Insp-995118,UVW 787Q,02/05/2025 17:00,PR-995115
Insp-995119,VWX 222E,02/05/2025 17:00,PR-995127
Insp-995120,WXY 112N,02/05/2025 17:00,PR-995112
Insp-995121,WXY 909I,02/05/2025 17:00,PR-995113
Insp-995122,ZAB 010J,02/05/2025 17:00,
Insp-995123,QRS 707G,02/06/2025 17:00,PR-995111
Insp-995124,QRS 999L,02/06/2025 17:00,PR-995110
Insp-995125,RST 676P,02/06/2025 17:00,PR-995109
Insp-995126,TUV 000M,02/06/2025 17:00,PR-995104
Insp-995127,TUV 808H,02/06/2025 17:00,PR-995106
Insp-995128,UVW 787Q,02/06/2025 17:00,PR-995105
Insp-995129,VWX 222E,02/06/2025 17:00,PR-995100
Insp-995130,WXY 112N,02/06/2025 17:00,PR-995102
Insp-995131,WXY 909I,02/06/2025 17:00,PR-995103
Insp-995132,ZAB 010J,02/06/2025 17:00,
Insp-995133,TUV 808H,02/07/2025 17:00,PR-995107
Insp-995134,UVW 787Q,02/07/2025 17:00,PR-995149
Insp-995135,VWX 222E,02/07/2025 17:00,PR-995124
Insp-995136,ZAB 010J,02/07/2025 17:00,
Insp-995137,ABC 123X,02/10/2025 17:00,PR-995135
Insp-995138,ABC 909S,02/10/2025 17:00,PR-995133
Insp-995139,BCD 202B,02/10/2025 17:00,PR-995130
Insp-995140,BCD 444G,02/10/2025 17:00,PR-995131
Insp-995141,CDE 121K,02/10/2025 17:00,PR-995137
Insp-995142,CDE 334P,02/10/2025 17:00,PR-995139
Insp-995143,DEF 020T,02/10/2025 17:00,PR-995140
Insp-995144,DEF 456Y,02/10/2025 17:00,PR-995142
Insp-995145,EFG 303C,02/10/2025 17:00,PR-995147
Insp-995146,EFG 555H,02/10/2025 17:00,PR-995145
Insp-995147,TUV 808H,02/10/2025 17:00,PR-995151
Insp-995148,UVW 787Q,02/10/2025 17:00,PR-995152
Insp-995149,VWX 222E,02/10/2025 17:00,PR-995154
Insp-995150,ZAB 010J,02/10/2025 17:00,
Insp-995151,FGH 232L,02/11/2025 17:00,PR-995155
Insp-995152,FGH 445Q,02/11/2025 17:00,PR-995156
Insp-995153,GHI 789Z,02/11/2025 17:00,PR-995157
Insp-995154,HIJ 404D,02/11/2025 17:00,PR-995158
Insp-995155,HIJ 666I,02/11/2025 17:00,PR-995160
Insp-995156,IJK 343M,02/11/2025 17:00,PR-995159
Insp-995157,JKL 321A,02/11/2025 17:00,PR-995161
Insp-995158,TUV 808H,02/11/2025 17:00,PR-995162
Insp-995159,UVW 787Q,02/11/2025 17:00,PR-995163
Insp-995160,VWX 222E,02/11/2025 17:00,PR-995169
Insp-995161,WXY 112N,02/11/2025 17:00,PR-995166
Insp-995162,WXY 909I,02/11/2025 17:00,PR-995165
Insp-995163,XYZ 898R,02/11/2025 17:00,PR-995148
Insp-995165,ZAB 010J,02/11/2025 17:00,
Insp-995166,MNO 654B,02/12/2025 17:00,PR-995164
Insp-995167,NOP 606F,02/12/2025 17:00,PR-995171
Insp-995168,NOP 888K,02/12/2025 17:00,PR-995170
Insp-995169,OPQ 565O,02/12/2025 17:00,PR-995173
Insp-995170,PQR 987C,02/12/2025 17:00,PR-995172
Insp-995171,TUV 808H,02/12/2025 17:00,PR-995175
Insp-995172,UVW 787Q,02/12/2025 17:00,PR-995174
Insp-995173,VWX 222E,02/12/2025 17:00,PR-995181
Insp-995174,WXY 112N,02/12/2025 17:00,PR-995180
Insp-995175,WXY 909I,02/12/2025 17:00,PR-995183
Insp-995176,ZAB 010J,02/12/2025 17:00,
Insp-995177,QRS 707G,2/13/2025 17:00,PR-995185
Insp-995178,QRS 999L,2/13/2025 17:00,PR-995186
Insp-995179,STU 111D,2/13/2025 17:00,PR-995188
Insp-995180,TUV 000M,2/13/2025 17:00,PR-995168
Insp-995181,TUV 808H,2/13/2025 17:00,PR-995177
Insp-995182,UVW 787Q,2/13/2025 17:00,PR-995179
Insp-995183,VWX 222E,2/13/2025 17:00,PR-995178
Insp-995184,WXY 112N,2/13/2025 17:00,PR-995184
Insp-995185,WXY 909I,2/13/2025 17:00,PR-995190
Insp-995186,ZAB 010J,2/13/2025 17:00,
Insp-995187,TUV 808H,2/14/2025 17:00,PR-995189
Insp-995188,UVW 787Q,2/14/2025 17:00,PR-995191
Insp-995189,VWX 222E,2/14/2025 17:00,PR-995192
Insp-995190,ZAB 010J,2/14/2025 17:00,
Insp-995191,ABC 123X,2/17/2025 17:00,PR-995193
Insp-995192,ABC 909S,2/17/2025 17:00,PR-995176
Insp-995193,BCD 202B,2/17/2025 17:00,PR-995197
Insp-995194,BCD 444G,2/17/2025 17:00,PR-995196
Insp-995195,CDE 121K,2/17/2025 17:00,PR-995203
Insp-995196,CDE 334P,2/17/2025 17:00,PR-995195
Insp-995197,DEF 020T,2/17/2025 17:00,PR-995206
Insp-995198,DEF 456Y,2/17/2025 17:00,PR-995209
Insp-995199,EFG 303C,2/17/2025 17:00,PR-995211
Insp-995200,EFG 555H,2/17/2025 17:00,PR-995213
Insp-995201,TUV 808H,2/17/2025 17:00,PR-995212
Insp-995202,UVW 787Q,2/17/2025 17:00,PR-995214
Insp-995203,VWX 222E,2/17/2025 17:00,PR-995218
Insp-995204,ZAB 010J,2/17/2025 17:00,
Insp-995205,FGH 232L,2/18/2025 17:00,PR-995217
Insp-995206,FGH 445Q,2/18/2025 17:00,PR-995224
Insp-995207,GHI 789Z,2/18/2025 17:00,PR-995221
Insp-995208,HIJ 404D,2/18/2025 17:00,PR-995222
Insp-995209,HIJ 666I,2/18/2025 17:00,PR-995226
Insp-995210,IJK 343M,2/18/2025 17:00,PR-995227
Insp-995211,KLM 505E,2/18/2025 17:00,PR-995225
Insp-995212,TUV 808H,2/18/2025 17:00,PR-995199
Insp-995213,UVW 787Q,2/18/2025 17:00,PR-995201
Insp-995214,VWX 222E,2/18/2025 17:00,PR-995208
Insp-995215,WXY 112N,2/18/2025 17:00,PR-995204
Insp-995216,WXY 909I,2/18/2025 17:00,PR-995210
Insp-995217,XYZ 898R,2/18/2025 17:00,PR-995198
Insp-995219,ZAB 010J,2/18/2025 17:00,
Insp-995220,MNO 654B,2/19/2025 17:00,PR-995202
Insp-995221,NOP 606F,2/19/2025 17:00,PR-995207
Insp-995222,NOP 888K,2/19/2025 17:00,PR-995229
Insp-995223,OPQ 565O,2/19/2025 17:00,PR-995228
Insp-995224,PQR 987C,2/19/2025 17:00,PR-995223
Insp-995225,TUV 808H,2/19/2025 17:00,PR-995219
Insp-995226,UVW 787Q,2/19/2025 17:00,PR-995215
Insp-995227,VWX 222E,2/19/2025 17:00,PR-995216
Insp-995228,WXY 112N,2/19/2025 17:00,PR-995263
Insp-995229,WXY 909I,2/19/2025 17:00,PR-995262
Insp-995230,ZAB 010J,2/19/2025 17:00,
Insp-995231,QRS 707G,2/20/2025 17:00,PR-995259
Insp-995232,QRS 999L,2/20/2025 17:00,PR-995254
Insp-995233,RST 676P,2/20/2025 17:00,PR-995251
Insp-995234,STU 111D,2/20/2025 17:00,PR-995250
Insp-995235,TUV 000M,2/20/2025 17:00,PR-995248
Insp-995236,TUV 808H,2/20/2025 17:00,PR-995247
Insp-995237,UVW 787Q,2/20/2025 17:00,PR-995246
Insp-995238,VWX 222E,2/20/2025 17:00,PR-995243
Insp-995239,WXY 112N,2/20/2025 17:00,PR-995245
Insp-995240,WXY 909I,2/20/2025 17:00,PR-995244
Insp-995241,ZAB 010J,2/20/2025 17:00,
Insp-995242,ZAB 223O,2/20/2025 17:00,
Insp-995243,TUV 808H,2/21/2025 17:00,PR-995242
Insp-995244,UVW 787Q,2/21/2025 17:00,PR-995239
Insp-995245,VWX 222E,2/21/2025 17:00,PR-995237
Insp-995246,ZAB 010J,2/21/2025 17:00,
Insp-995247,ABC 123X,2/24/2025 17:00,PR-995253
Insp-995248,ABC 909S,2/24/2025 17:00,PR-995231
Insp-995249,BCD 202B,2/24/2025 17:00,PR-995235
Insp-995250,BCD 444G,2/24/2025 17:00,PR-995230
Insp-995251,CDE 121K,2/24/2025 17:00,PR-995236
Insp-995252,CDE 334P,2/24/2025 17:00,PR-995249
Insp-995253,DEF 020T,2/24/2025 17:00,PR-995232
Insp-995254,DEF 456Y,2/24/2025 17:00,PR-995234
Insp-995255,EFG 303C,2/24/2025 17:00,PR-995233
Insp-995256,EFG 555H,2/24/2025 17:00,PR-995257
Insp-995257,TUV 808H,2/24/2025 17:00,PR-995256
Insp-995258,UVW 787Q,2/24/2025 17:00,PR-995258
Insp-995259,VWX 222E,2/24/2025 17:00,PR-995255
Insp-995260,ZAB 010J,2/24/2025 17:00,
Insp-995261,ZAB 223O,2/24/2025 17:00,
Insp-995262,FGH 445Q,2/25/2025 17:00,PR-995267
Insp-995263,GHI 789Z,2/25/2025 17:00,PR-995264
Insp-995264,HIJ 404D,2/25/2025 17:00,PR-995266
Insp-995265,HIJ 666I,2/25/2025 17:00,PR-995265
Insp-995266,JKL 321A,2/25/2025 17:00,PR-995274
Insp-995267,KLM 505E,2/25/2025 17:00,PR-995276
Insp-995268,TUV 808H,2/25/2025 17:00,PR-995281
Insp-995269,UVW 787Q,2/25/2025 17:00,PR-995278
Insp-995270,VWX 222E,2/25/2025 17:00,PR-995280
Insp-995271,WXY 112N,2/25/2025 17:00,PR-995292
Insp-995272,WXY 909I,2/25/2025 17:00,PR-995287
Insp-995273,XYZ 898R,2/25/2025 17:00,PR-995284
Insp-995275,ZAB 010J,2/25/2025 17:00,
Insp-995276,ZAB 223O,2/25/2025 17:00,
Insp-995277,MNO 654B,2/26/2025 17:00,PR-995279
Insp-995278,NOP 606F,2/26/2025 17:00,PR-995277
Insp-995279,NOP 888K,2/26/2025 17:00,PR-995271
Insp-995280,OPQ 565O,2/26/2025 17:00,PR-995275
Insp-995281,PQR 987C,2/26/2025 17:00,PR-995270
Insp-995282,TUV 808H,2/26/2025 17:00,PR-995273
Insp-995283,UVW 787Q,2/26/2025 17:00,PR-995269
Insp-995284,VWX 222E,2/26/2025 17:00,PR-995272
Insp-995285,WXY 112N,2/26/2025 17:00,PR-995268
Insp-995286,WXY 909I,2/26/2025 17:00,PR-995288
Insp-995287,ZAB 010J,2/26/2025 17:00,
Insp-995288,ZAB 223O,2/26/2025 17:00,
Insp-995289,QRS 707G,2/27/2025 17:00,PR-995290
Insp-995290,QRS 999L,2/27/2025 17:00,PR-995297
Insp-995291,RST 676P,2/27/2025 17:00,PR-995295
Insp-995292,STU 111D,2/27/2025 17:00,PR-995294
Insp-995293,TUV 000M,2/27/2025 17:00,PR-995296
Insp-995294,TUV 808H,2/27/2025 17:00,PR-995298
Insp-995295,UVW 787Q,2/27/2025 17:00,PR-995299
Insp-995296,VWX 222E,2/27/2025 17:00,PR-995302
Insp-995297,WXY 112N,2/27/2025 17:00,PR-995303
Insp-995298,WXY 909I,2/27/2025 17:00,PR-995305
Insp-995299,ZAB 010J,2/27/2025 17:00,
Insp-995300,ZAB 223O,2/27/2025 17:00,
Insp-995301,TUV 808H,2/28/2025 17:00,PR-995293
Insp-995302,UVW 787Q,2/28/2025 17:00,PR-995304
Insp-995303,VWX 222E,2/28/2025 17:00,PR-995291
Insp-995304,ZAB 010J,2/28/2025 17:00,
Insp-995305,ZAB 223O,2/28/2025 17:00,
Insp-995306,YZA 333F,02/11/2025 17:00,PR-995312
Insp-995307,YZA 333F,2/18/2025 17:00,PR-995311
Insp-995308,YZA 333F,2/25/2025 17:00,PR-995313
Insp-995309,MDF 942L,02/12/2025 17:00,
Insp-995310,MDF 942L,2/13/2025 17:00,
Insp-995311,MDF 942L,2/14/2025 17:00,
Insp-995312,MDF 942L,2/19/2025 17:00,
Insp-995313,MDF 942L,2/20/2025 17:00,
Insp-995314,MDF 942L,2/21/2025 17:00,
Insp-995315,MDF 942L,02/03/2025 17:00,
Insp-995316,MDF 942L,02/05/2025 17:00,
Insp-995317,MDF 942L,02/06/2025 17:00,
Insp-995318,MDF 942L,02/07/2025 17:00,
Insp-995319,MDF 942L,02/10/2025 17:00,
Insp-995320,MDF 942L,2/17/2025 17:00,
Insp-995321,MDF 942L,2/26/2025 17:00,
Insp-995322,MDF 942L,2/27/2025 17:00,
Insp-995323,MDF 942L,2/28/2025 17:00,
