<ImportExportXml version="9.2.25091.168" SolutionPackageVersion="9.2" languagecode="1033" generatedBy="CrmLive" xmlns:xsi="http://www.w3.org/2001/XMLSchema-instance" OrganizationVersion="9.2.25091.168" OrganizationSchemaType="Standard" CRMServerServiceabilityVersion="9.2.25091.00168">
  <SolutionManifest>
    <UniqueName>ParkingChallenge</UniqueName>
    <LocalizedNames>
      <LocalizedName description="Parking Challenge" languagecode="1033" />
    </LocalizedNames>
    <Descriptions />
    <Version>1.0.0.1</Version>
    <Managed>0</Managed>
    <Publisher>
      <UniqueName>ViswavardhanReddyGundavarapuPublisher</UniqueName>
      <LocalizedNames>
        <LocalizedName description="Viswavardhan Reddy Gundavarapu Publisher" languagecode="1033" />
      </LocalizedNames>
      <Descriptions>
        <Description description="Publisher created by Viswavardhan Reddy Gundavarapu for the Power Up Challenge" languagecode="1033" />
      </Descriptions>
      <EMailAddress xsi:nil="true"></EMailAddress>
      <SupportingWebsiteUrl xsi:nil="true"></SupportingWebsiteUrl>
      <CustomizationPrefix>vrg</CustomizationPrefix>
      <CustomizationOptionValuePrefix>95259</CustomizationOptionValuePrefix>
      <Addresses>
        <Address>
          <AddressNumber>1</AddressNumber>
          <AddressTypeCode>1</AddressTypeCode>
          <City xsi:nil="true"></City>
          <County xsi:nil="true"></County>
          <Country xsi:nil="true"></Country>
          <Fax xsi:nil="true"></Fax>
          <FreightTermsCode xsi:nil="true"></FreightTermsCode>
          <ImportSequenceNumber xsi:nil="true"></ImportSequenceNumber>
          <Latitude xsi:nil="true"></Latitude>
          <Line1 xsi:nil="true"></Line1>
          <Line2 xsi:nil="true"></Line2>
          <Line3 xsi:nil="true"></Line3>
          <Longitude xsi:nil="true"></Longitude>
          <Name xsi:nil="true"></Name>
          <PostalCode xsi:nil="true"></PostalCode>
          <PostOfficeBox xsi:nil="true"></PostOfficeBox>
          <PrimaryContactName xsi:nil="true"></PrimaryContactName>
          <ShippingMethodCode>1</ShippingMethodCode>
          <StateOrProvince xsi:nil="true"></StateOrProvince>
          <Telephone1 xsi:nil="true"></Telephone1>
          <Telephone2 xsi:nil="true"></Telephone2>
          <Telephone3 xsi:nil="true"></Telephone3>
          <TimeZoneRuleVersionNumber xsi:nil="true"></TimeZoneRuleVersionNumber>
          <UPSZone xsi:nil="true"></UPSZone>
          <UTCOffset xsi:nil="true"></UTCOffset>
          <UTCConversionTimeZoneCode xsi:nil="true"></UTCConversionTimeZoneCode>
        </Address>
        <Address>
          <AddressNumber>2</AddressNumber>
          <AddressTypeCode>1</AddressTypeCode>
          <City xsi:nil="true"></City>
          <County xsi:nil="true"></County>
          <Country xsi:nil="true"></Country>
          <Fax xsi:nil="true"></Fax>
          <FreightTermsCode xsi:nil="true"></FreightTermsCode>
          <ImportSequenceNumber xsi:nil="true"></ImportSequenceNumber>
          <Latitude xsi:nil="true"></Latitude>
          <Line1 xsi:nil="true"></Line1>
          <Line2 xsi:nil="true"></Line2>
          <Line3 xsi:nil="true"></Line3>
          <Longitude xsi:nil="true"></Longitude>
          <Name xsi:nil="true"></Name>
          <PostalCode xsi:nil="true"></PostalCode>
          <PostOfficeBox xsi:nil="true"></PostOfficeBox>
          <PrimaryContactName xsi:nil="true"></PrimaryContactName>
          <ShippingMethodCode>1</ShippingMethodCode>
          <StateOrProvince xsi:nil="true"></StateOrProvince>
          <Telephone1 xsi:nil="true"></Telephone1>
          <Telephone2 xsi:nil="true"></Telephone2>
          <Telephone3 xsi:nil="true"></Telephone3>
          <TimeZoneRuleVersionNumber xsi:nil="true"></TimeZoneRuleVersionNumber>
          <UPSZone xsi:nil="true"></UPSZone>
          <UTCOffset xsi:nil="true"></UTCOffset>
          <UTCConversionTimeZoneCode xsi:nil="true"></UTCConversionTimeZoneCode>
        </Address>
      </Addresses>
    </Publisher>
    <RootComponents>
      <RootComponent type="1" schemaName="vrg_parkinginspection" behavior="0" />
      <RootComponent type="1" schemaName="vrg_parkingrequest" behavior="0" />
      <RootComponent type="1" schemaName="vrg_vehicle" behavior="0" />
      <RootComponent type="29" id="{59bd4010-e68e-f011-b4cc-0022480aa9ec}" behavior="0" />
      <RootComponent type="62" schemaName="vrg_ParkingReview" behavior="0" />
      <RootComponent type="80" schemaName="vrg_ParkingReview" behavior="0" />
      <RootComponent type="300" schemaName="vrg_parkinginspectionsreviewfinal_a6bbd" behavior="0" />
      <RootComponent type="431" schemaName="vrg_vehicle vrg_vehicleimage" behavior="0" />
      <RootComponent type="432" schemaName="vrg_vehicle" behavior="0" />
    </RootComponents>
    <MissingDependencies>
      <MissingDependency>
        <Required type="61" schemaName="msdyn_/Images/AppModule_Default_Icon.png" displayName="msdyn_/Images/AppModule_Default_Icon.png" solution="AppModuleWebResources (2.5)">
          <package appName="AppModule Web Resources Package" version="2.5">AppModuleWebResources (2.5)</package>
        </Required>
        <Dependent type="80" schemaName="vrg_ParkingReview" displayName="Parking Review" />
      </MissingDependency>
      <MissingDependency>
        <Required type="connectionreference" displayName="new_sharedcommondataserviceforapps_cbc68" solution="Active" id.connectionreferencelogicalname="new_sharedcommondataserviceforapps_cbc68" />
        <Dependent type="29" displayName="Parking Request Notification" id="{59bd4010-e68e-f011-b4cc-0022480aa9ec}" />
      </MissingDependency>
      <MissingDependency>
        <Required type="connectionreference" displayName="new_sharedoutlook_c2712" solution="Active" id.connectionreferencelogicalname="new_sharedoutlook_c2712" />
        <Dependent type="29" displayName="Parking Request Notification" id="{59bd4010-e68e-f011-b4cc-0022480aa9ec}" />
      </MissingDependency>
      <MissingDependency>
        <Required type="SettingDefinition" displayName="AppChannel" solution="msdyn_AppFrameworkInfraExtensions (1.0.0.15)" id.uniquename="AppChannel">
          <package appName="PowerAppsAppFramework Package" version="1.0.0.23">PowerAppsAppFramework_Anchor (1.0.0.23)</package>
        </Required>
        <Dependent type="AppSetting" displayName="parentappmoduleid.uniquename=vrg_ParkingReview,settingdefinitionid.uniquename=AppChannel" id.parentappmoduleid.uniquename="vrg_ParkingReview" id.settingdefinitionid.uniquename="AppChannel" />
      </MissingDependency>
    </MissingDependencies>
  </SolutionManifest>
</ImportExportXml>